"Time (s)","Linear Acceleration x (m/s^2)","Linear Acceleration y (m/s^2)","Linear Acceleration z (m/s^2)","Absolute acceleration (m/s^2)"
5.655635000E-3,2.213766128E-1,-2.661857754E-2,1.542595863E0,1.558627008E0
1.065563500E-2,1.818620265E-1,-8.607442677E-2,1.308953285E0,1.324326737E0
1.565563500E-2,9.611243010E-2,-1.207745969E-1,6.602725983E-1,6.780737471E-1
2.065563500E-2,9.553834796E-2,-4.285866767E-2,2.005577087E-2,1.066146110E-1
2.565563500E-2,7.773493230E-2,6.641533971E-2,-4.133176804E-1,4.257760232E-1
3.065563500E-2,-7.425606251E-3,1.398696303E-1,-6.410627365E-1,6.561860142E-1
3.565563500E-2,-4.906120896E-2,2.011361569E-1,-6.871967316E-1,7.177061402E-1
4.065563500E-2,-4.794093966E-2,2.526658773E-1,-6.865692139E-1,7.331545981E-1
4.565563500E-2,-2.609223127E-3,2.101707906E-1,-6.085453033E-1,6.438213692E-1
5.065563500E-2,5.270129442E-2,1.536636353E-1,-4.430370331E-1,4.718810781E-1
5.565563500E-2,1.032568067E-1,7.928946614E-2,-1.452226639E-1,1.950343808E-1
6.065563500E-2,1.047206670E-1,3.629937768E-3,2.765874863E-1,2.957705734E-1
6.565563500E-2,1.043518335E-1,-5.559551716E-2,6.414709091E-1,6.522768537E-1
7.065563500E-2,7.253046334E-2,-3.543418646E-2,7.925605774E-1,7.966608554E-1
7.565563500E-2,4.487064481E-2,2.712607384E-3,6.034889221E-1,6.051608151E-1
8.065563500E-2,3.872117400E-2,5.604767799E-2,1.385154724E-1,1.543606414E-1
8.565563500E-2,4.880440235E-2,1.266554594E-1,-3.377332687E-1,3.639879612E-1
9.065563500E-2,4.535964131E-2,1.767718941E-1,-6.903991699E-1,7.141126056E-1
9.565563500E-2,4.584111273E-2,1.968087852E-1,-8.027858734E-1,8.278286442E-1
1.006556350E-1,3.337293863E-2,1.844315678E-1,-6.073150635E-1,6.355787461E-1
1.056556350E-1,1.295937598E-2,1.359874457E-1,-2.393035889E-1,2.755480692E-1
1.106556350E-1,4.359814525E-2,6.777299941E-2,1.642227173E-1,1.829291628E-1
1.156556350E-1,2.562843263E-2,3.391166031E-2,4.096136093E-1,4.118132176E-1
1.206556350E-1,9.495671093E-2,-8.502408862E-3,4.693040848E-1,4.788897492E-1
1.256556350E-1,8.849279583E-2,-8.841156960E-4,3.350172043E-1,3.465087066E-1
1.306556350E-1,8.614556491E-2,2.759896219E-2,1.086883545E-1,1.414069287E-1
1.356556350E-1,7.415162027E-2,7.557536662E-2,-1.270313263E-1,1.653694551E-1
1.406556350E-1,1.745162904E-2,1.306149662E-1,-2.810792923E-1,3.104358183E-1
1.456556350E-1,2.405981719E-2,1.499739438E-1,-3.369731903E-1,3.696241194E-1
1.506556350E-1,1.127198339E-2,1.715165228E-1,-3.267030716E-1,3.691610383E-1
1.556556350E-1,5.631971359E-2,1.291349828E-1,-2.557201385E-1,2.919598315E-1
1.606556350E-1,2.812770009E-2,9.525190294E-2,-1.403808594E-1,1.719618510E-1
1.656556350E-1,3.247758746E-2,8.636252582E-2,1.988124847E-2,9.438508142E-2
1.706556350E-1,6.730537117E-2,1.505719125E-2,1.629800797E-1,1.769724226E-1
1.756556350E-1,3.424349427E-2,3.515656292E-2,2.144050598E-1,2.199502910E-1
1.806556350E-1,5.363179743E-2,6.129088998E-2,2.005023956E-1,2.164119995E-1
1.856556350E-1,2.736288309E-2,7.673977315E-2,7.429790497E-2,1.102628625E-1
1.906556350E-1,4.490743577E-2,1.061716974E-1,-8.557033539E-2,1.435666724E-1
1.956556350E-1,1.783981919E-2,1.425218731E-1,-2.145023346E-1,2.581511089E-1
2.006556350E-1,7.194235921E-3,1.322083026E-1,-3.032197952E-1,3.308670980E-1
2.056556350E-1,3.524880111E-2,1.145454645E-1,-2.667293549E-1,2.924169800E-1
2.106556350E-1,2.544553578E-2,1.081345379E-1,-1.460876465E-1,1.835269845E-1
2.156556350E-1,6.511281431E-2,6.786231697E-2,-1.543712616E-2,9.530623020E-2
2.206556350E-1,6.377802789E-2,3.931686282E-2,9.157562256E-2,1.183196822E-1
2.256556350E-1,5.621959269E-2,4.547061026E-2,1.351079941E-1,1.532396459E-1
2.306556350E-1,6.292940676E-2,4.019889235E-2,1.085224152E-1,1.317314532E-1
2.356556350E-1,3.004844487E-2,5.538928509E-2,2.505111694E-2,6.781180134E-2
2.406556350E-1,2.558983862E-2,9.541413188E-2,-7.618331909E-2,1.247501283E-1
2.456556350E-1,3.970727324E-2,1.094176024E-1,-1.601276398E-1,1.979639873E-1
2.506556350E-1,9.687379003E-3,1.407080889E-1,-1.890373230E-1,2.358552969E-1
2.556556350E-1,3.549307585E-2,1.418228894E-1,-1.691255569E-1,2.235552380E-1
2.606556350E-1,3.929719329E-2,1.081014425E-1,-1.227188110E-1,1.681966047E-1
2.656556350E-1,3.689663112E-2,9.178316593E-2,-4.678440094E-2,1.094271041E-1
2.706556350E-1,5.170443654E-2,7.042728364E-2,8.569717407E-3,8.778833121E-2
2.756556350E-1,5.556765199E-2,4.169528186E-2,4.916381836E-2,8.510782286E-2
2.806556350E-1,4.875777662E-2,3.341190517E-2,4.266262054E-2,7.289564719E-2
2.856556350E-1,4.991543293E-2,6.106607616E-2,1.475906372E-2,8.023992812E-2
2.906556350E-1,5.161993206E-2,6.889697909E-2,-3.392696381E-2,9.253350737E-2
2.956556350E-1,3.861722350E-2,7.536914945E-2,-9.038352966E-2,1.238587142E-1
3.006556350E-1,3.196626902E-2,1.203901619E-1,-1.276741028E-1,1.783712700E-1
3.056556350E-1,4.165689647E-2,1.180808842E-1,-1.463727951E-1,1.926223959E-1
3.106556350E-1,4.518029094E-2,9.907637537E-2,-1.159067154E-1,1.590338125E-1
3.156556350E-1,5.157881975E-2,1.044694632E-1,-6.788825989E-2,1.348445743E-1
3.206556350E-1,4.502163827E-2,6.667372584E-2,-1.089000702E-2,8.118451751E-2
3.256556350E-1,5.575206876E-2,4.902622104E-2,-2.155303955E-4,7.424223847E-2
3.306556350E-1,5.853375793E-2,4.216586053E-2,8.635520935E-3,7.265488857E-2
3.356556350E-1,5.542346835E-2,5.522787571E-2,-9.899139404E-3,7.886616550E-2
3.406556350E-1,7.123148441E-2,5.965410173E-2,-5.392169952E-2,1.074247919E-1
3.456556350E-1,5.429995060E-2,8.095352352E-2,-8.388900757E-2,1.286053000E-1
3.506556350E-1,4.588273168E-2,1.069082469E-1,-1.088943481E-1,1.593504860E-1
3.556556350E-1,5.103713274E-2,8.930376172E-2,-8.696746826E-2,1.346970353E-1
3.606556350E-1,2.374903858E-2,1.065530330E-1,-7.655429840E-2,1.333346402E-1
3.656556350E-1,2.014094591E-2,1.224720627E-1,-5.241203308E-2,1.347296740E-1
3.706556350E-1,2.589057386E-2,8.150067925E-2,-3.293037415E-2,9.163564849E-2
3.756556350E-1,3.119838238E-2,7.908700407E-2,-1.703739166E-2,8.670851163E-2
3.806556350E-1,5.843967199E-2,6.868024170E-2,-8.365631104E-3,9.056574765E-2
3.856556350E-1,5.411960185E-2,6.301148236E-2,-2.811908722E-2,8.769299447E-2
3.906556350E-1,5.083231628E-2,5.478847027E-2,-4.183006287E-2,8.564727090E-2
3.956556350E-1,5.482771993E-2,7.881143689E-2,-5.950069427E-2,1.129497856E-1
4.006556350E-1,4.140160978E-2,8.052422106E-2,-8.056354523E-2,1.211970639E-1
4.056556350E-1,2.751158178E-2,1.033291966E-1,-7.392215729E-2,1.299934434E-1
4.106556350E-1,2.289266884E-2,1.048608869E-1,-6.987857819E-2,1.280737896E-1
4.156556350E-1,2.597741783E-2,1.008149683E-1,-5.675888062E-2,1.185751011E-1
4.206556350E-1,4.378467798E-2,7.886393368E-2,-3.829383850E-2,9.799508217E-2
4.256556350E-1,4.885903001E-2,7.652443647E-2,-4.551124573E-2,1.015601678E-1
4.306556350E-1,4.661655426E-2,5.201250315E-2,-5.740165710E-2,9.040660293E-2
4.356556350E-1,5.632311106E-2,5.227288604E-2,-4.749107361E-2,9.033354596E-2
4.406556350E-1,4.836548865E-2,6.289795041E-2,-4.902458191E-2,9.326726269E-2
4.456556350E-1,3.955279291E-2,5.131733418E-2,-5.219650269E-2,8.320076386E-2
4.506556350E-1,4.371643066E-2,7.258227468E-2,-3.400611877E-2,9.130021370E-2
4.556556350E-1,4.369701445E-2,9.751564264E-2,-3.896522522E-2,1.137410146E-1
4.606556350E-1,3.919140995E-2,8.987151086E-2,-4.880523682E-2,1.095208027E-1
4.656556350E-1,3.878465295E-2,1.003927290E-1,-5.386829376E-2,1.203525755E-1
4.706556350E-1,3.853228688E-2,9.380304813E-2,-3.624248505E-2,1.076906063E-1
4.756556350E-1,3.450696170E-2,6.226579845E-2,-5.549526215E-2,9.026341553E-2
4.806556350E-1,3.645075858E-2,6.035101414E-2,-4.428482056E-2,8.325892168E-2
4.856556350E-1,2.404838800E-2,5.173236132E-2,-4.687881470E-2,7.383891549E-2
4.906556350E-1,2.852135897E-2,4.660955071E-2,-3.109169006E-2,6.286979661E-2
4.956556350E-1,3.038659692E-2,7.420533895E-2,-3.652095795E-2,8.811105476E-2
5.006556350E-1,5.098132789E-2,7.623802125E-2,-4.060554504E-2,1.003002591E-1
5.056556350E-1,3.878644109E-2,7.574771345E-2,-4.230594635E-2,9.503629413E-2
5.106556350E-1,3.752331436E-2,9.352400899E-2,-4.549980164E-2,1.105665923E-1
5.156556350E-1,4.355588555E-2,7.328715920E-2,-5.299568176E-2,1.003825939E-1
5.206556350E-1,2.712400258E-2,7.108610868E-2,-6.639766693E-2,1.009831498E-1
5.256556350E-1,4.110175371E-2,5.819958448E-2,-4.826259613E-2,8.605709719E-2
5.306556350E-1,3.670805693E-2,4.318918288E-2,-4.409408569E-2,7.181277988E-2
5.356556350E-1,2.798335254E-2,7.154382765E-2,-2.297019958E-2,8.018240059E-2
5.406556350E-1,5.324716866E-2,4.321904480E-2,-8.909225464E-3,6.915577418E-2
5.456556350E-1,2.031432092E-2,6.371223927E-2,-1.506805420E-2,6.854901403E-2
5.506556350E-1,2.763321996E-2,9.174655378E-2,-2.251911163E-2,9.842832603E-2
5.556556350E-1,4.094111919E-2,5.058799684E-2,-3.357315063E-2,7.322893628E-2
5.606556350E-1,7.431462407E-3,7.524555922E-2,-3.845787048E-2,8.482999833E-2
5.656556350E-1,4.101768136E-2,6.620702147E-2,-3.858184814E-2,8.691592997E-2
5.706556350E-1,2.529370785E-2,5.554643273E-2,-5.110073090E-2,7.960190038E-2
5.756556350E-1,2.140493691E-2,6.502060592E-2,-4.947090149E-2,8.445839575E-2
5.806556350E-1,4.942631721E-2,5.067221820E-2,-4.314613342E-2,8.289887430E-2
5.856556350E-1,1.668442786E-2,3.868795931E-2,-3.940200806E-2,5.768575706E-2
5.906556350E-1,2.372747660E-2,7.009643316E-2,-3.253746033E-2,8.084051838E-2
5.956556350E-1,2.726313472E-2,6.019867957E-2,-1.619720459E-2,6.804049509E-2
6.006556350E-1,2.748273313E-2,3.991791606E-2,-2.180290222E-2,5.314232953E-2
6.056556350E-1,3.351724148E-2,8.700984716E-2,-2.472972870E-2,9.646594457E-2
6.106556350E-1,4.823631048E-2,6.944835186E-2,-3.545475006E-2,9.168890078E-2
6.156556350E-1,1.226110756E-2,5.691839755E-2,-5.661010742E-2,8.120802300E-2
6.206556350E-1,5.256614089E-2,7.696580887E-2,-6.504058838E-2,1.136539178E-1
6.256556350E-1,3.896412253E-2,3.833808005E-2,-4.458904266E-2,7.054214309E-2
6.306556350E-1,4.742339253E-3,5.189386010E-2,-3.903198242E-2,6.510728185E-2
6.356556350E-1,4.926216602E-2,3.943836689E-2,-1.872634888E-2,6.582417433E-2
6.406556350E-1,1.327711344E-2,3.346811235E-2,-2.227497101E-2,4.233876024E-2
6.456556350E-1,1.262456179E-3,7.069699466E-2,-1.802349091E-2,7.296920634E-2
6.506556350E-1,4.106236994E-2,4.286144674E-2,-1.751804352E-2,6.188783152E-2
6.556556350E-1,-9.621918201E-3,5.882810056E-2,-3.073787689E-2,6.706820261E-2
6.606556350E-1,2.849584818E-2,6.963023543E-2,-2.885627747E-2,8.057957433E-2
6.656556350E-1,2.379275858E-2,7.541829348E-2,-3.102684021E-2,8.495103981E-2
6.706556350E-1,1.716472208E-2,6.774494052E-2,-6.199455261E-2,9.342017557E-2
6.756556350E-1,4.017663002E-2,5.736345053E-2,-4.588222504E-2,8.372517919E-2
6.806556350E-1,2.498011291E-2,8.692057431E-2,-2.136707306E-2,9.292870434E-2
6.856556350E-1,2.674007416E-2,2.433523536E-2,-2.044582367E-2,4.153633291E-2
6.906556350E-1,3.295186162E-2,5.411776900E-2,-1.433658600E-2,6.496226446E-2
6.956556350E-1,2.100226283E-2,6.426990032E-2,-2.200603485E-2,7.110541963E-2
7.006556350E-1,2.774974704E-2,2.853901684E-2,-3.302383423E-2,5.172134540E-2
7.056556350E-1,4.282727838E-3,3.153622150E-2,-2.697277069E-2,4.171816611E-2
7.106556350E-1,1.963518560E-2,5.635115504E-2,-4.202842712E-2,7.298891611E-2
7.156556350E-1,4.074752331E-2,3.087651730E-2,-5.681133270E-2,7.642805440E-2
7.206556350E-1,7.881745696E-3,4.880870879E-2,-4.727840424E-2,6.840803663E-2
7.256556350E-1,4.763537645E-2,5.216141045E-2,-3.851127625E-2,8.045533064E-2
7.306556350E-1,3.609675169E-2,4.982429743E-2,-3.675842285E-2,7.167020125E-2
7.356556350E-1,3.468780220E-2,6.281360984E-2,-1.654815674E-2,7.363854082E-2
7.406556350E-1,-1.256501675E-2,4.487343132E-2,-2.334594727E-2,5.212041575E-2
7.456556350E-1,1.915025711E-2,3.872799873E-2,-1.868343353E-2,4.707080753E-2
7.506556350E-1,-4.302158952E-2,6.230297685E-2,-3.398036957E-2,8.298905714E-2
7.556556350E-1,7.779449224E-4,3.715175390E-2,-3.756427765E-2,5.283874499E-2
7.606556350E-1,8.620008826E-3,6.740002334E-2,-2.454757690E-2,7.224715379E-2
7.656556350E-1,7.811878622E-2,6.429907680E-2,-2.295017242E-2,1.037478985E-1
7.706556350E-1,3.687548637E-2,4.046945274E-2,-1.706123352E-2,5.734687253E-2
7.756556350E-1,1.134168506E-1,4.673488438E-2,-2.911472321E-2,1.260761616E-1
7.806556350E-1,5.794999003E-2,5.554370582E-2,-6.394481659E-2,1.026267225E-1
7.856556350E-1,2.305398881E-2,2.026662230E-3,-8.289146423E-2,8.606153963E-2
7.906556350E-1,-2.515819669E-2,2.481274307E-2,-7.293128967E-2,8.104060768E-2
7.956556350E-1,7.702106237E-2,1.885308325E-2,-4.844665527E-2,9.292341580E-2
8.006556350E-1,-2.040284872E-2,2.118170261E-2,2.311706543E-2,3.740774620E-2
8.056556350E-1,-4.846148193E-2,3.544978797E-2,7.556343079E-2,9.651442778E-2
8.106556350E-1,1.008033454E-1,6.481894851E-2,5.730724335E-2,1.328417505E-1
8.156556350E-1,4.172970355E-2,3.752243519E-2,-6.837558746E-2,8.845632969E-2
8.206556350E-1,5.727083981E-2,4.849328101E-2,-1.563615799E-1,1.734372828E-1
8.256556350E-1,3.140667081E-2,3.427797556E-2,-1.425914764E-1,1.499789576E-1
8.306556350E-1,-6.273901463E-2,6.889651716E-2,-1.160326004E-1,1.488169291E-1
8.356556350E-1,8.218082786E-2,5.040247738E-2,-1.134729385E-1,1.488966285E-1
8.406556350E-1,-6.568389386E-2,5.218954384E-2,-1.122131348E-1,1.401067808E-1
8.456556350E-1,-2.601962090E-1,1.211061627E-1,-2.387647629E-1,3.733328030E-1
8.506556350E-1,-2.175305188E-1,1.433253139E-1,-2.862882614E-1,3.870692972E-1
8.556556350E-1,-7.127795815E-1,-1.320050359E-1,3.731355667E-1,8.152976220E-1
8.606556350E-1,-2.099507570E0,-1.023726389E-1,1.480547905E0,2.571076485E0
8.656556350E-1,-3.338814259E0,1.718747318E-1,-1.082410812E-1,3.344986952E0
8.706556350E-1,-3.265645027E0,9.257630110E-1,-1.205545425E0,3.602056964E0
8.756556350E-1,-2.685566425E0,1.073945522E0,1.861438751E-1,2.898322886E0
8.806556350E-1,-2.876316071E0,8.958051205E-1,1.375583649E0,3.311780688E0
8.856556350E-1,-3.972346067E0,7.713264823E-1,7.396535873E-1,4.113583019E0
8.906556350E-1,-5.393175125E0,8.119407892E-1,-4.115304947E-1,5.469455469E0
8.956556350E-1,-6.615742683E0,8.750715852E-1,-7.014656067E-1,6.710130813E0
9.006556350E-1,-7.039007664E0,6.728388071E-1,-2.621650696E-1,7.075950217E0
9.056556350E-1,-7.120256901E0,4.168021679E-1,2.661714554E-1,7.137410569E0
9.106556350E-1,-6.819370747E0,1.068678498E-1,4.035558701E-1,6.832136961E0
9.156556350E-1,-6.084598541E0,-9.873390198E-2,3.760786057E-1,6.097009341E0
9.206556350E-1,-5.492528439E0,-8.791576326E-2,2.086687088E-1,5.497193871E0
9.256556350E-1,-4.797976971E0,-6.208705902E-2,-4.255390167E-2,4.798567354E0
9.306556350E-1,-3.984991312E0,-1.145820916E-1,-9.777641296E-2,3.987837138E0
9.356556350E-1,-2.949059010E0,-3.136366904E-1,-1.033191681E-1,2.967489152E0
9.406556350E-1,-1.762782574E0,-4.484726787E-1,5.160045624E-2,1.819668308E0
9.456556350E-1,-6.550830603E-1,-5.657230616E-1,2.702608109E-1,9.067619887E-1
9.506556350E-1,1.866645962E-1,-6.068266034E-1,2.334251404E-1,6.764388326E-1
9.556556350E-1,7.290597558E-1,-7.668738365E-1,3.420829773E-3,1.058128211E0
9.606556350E-1,5.698354840E-1,-9.892517924E-1,-2.824058533E-1,1.176046195E0
9.656556350E-1,-3.991472721E-2,-1.328207374E0,-5.879821777E-1,1.453083292E0
9.706556350E-1,-1.006714702E0,-1.666695714E0,-6.839036942E-1,2.063752252E0
9.756556350E-1,-1.971438527E0,-1.912017465E0,-5.714101791E-1,2.805154228E0
9.806556350E-1,-2.880739450E0,-2.017562866E0,-3.200721741E-1,3.531524585E0
9.856556350E-1,-3.578683615E0,-2.163367748E0,5.965995789E-2,4.182187913E0
9.906556350E-1,-4.128111362E0,-2.268966198E0,4.408540726E-1,4.731158774E0
9.956556350E-1,-4.727175236E0,-2.437515974E0,6.644840240E-1,5.359963512E0
1.000655635E0,-5.308017254E0,-2.652932882E0,6.009035110E-1,5.964409868E0
1.005655635E0,-5.758717060E0,-3.099913836E0,3.861246109E-1,6.551441077E0
1.010655635E0,-6.233246803E0,-3.800964594E0,1.228113174E-1,7.301765552E0
1.015655635E0,-6.575920582E0,-4.667502880E0,-1.397323608E-2,8.064025662E0
1.020655635E0,-6.675821304E0,-5.652799606E0,8.375263214E-2,8.748013945E0
1.025655635E0,-6.476597786E0,-6.603049755E0,5.497541428E-1,9.265463538E0
1.030655635E0,-6.152760506E0,-7.584762573E0,9.154605865E-1,9.809340101E0
1.035655635E0,-5.577407837E0,-8.493278503E0,1.137220383E0,1.022431064E1
1.040655635E0,-5.090745449E0,-9.113513947E0,1.129387856E0,1.049987346E1
1.045655635E0,-4.701536179E0,-9.357177734E0,6.780033112E-1,1.049385087E1
1.050655635E0,-3.764005423E0,-9.268979073E0,1.511898041E-1,1.000522705E1
1.055655635E0,-2.459565163E0,-9.073027611E0,-1.678085327E-1,9.401991838E0
1.060655635E0,-1.174439192E0,-9.053385735E0,-6.468420029E-1,9.152131186E0
1.065655635E0,-1.559057832E-1,-8.492814064E0,-1.976572990E0,8.721183298E0
1.070655635E0,1.194383144E0,-7.795941353E0,-2.507572651E0,8.275939419E0
1.075655635E0,2.955499411E0,-7.135725021E0,-1.584193230E0,7.884365322E0
1.080655635E0,4.802192211E0,-6.543877125E0,1.184654236E-1,8.117722089E0
1.085655635E0,6.367658615E0,-6.168392181E0,1.688186646E0,9.024749996E0
1.090655635E0,7.236701965E0,-5.970983505E0,2.257663727E0,9.649846883E0
1.095655635E0,7.280108452E0,-5.859012127E0,2.009360313E0,9.558531846E0
1.100655635E0,6.762517929E0,-5.833339691E0,1.260988235E0,9.019400868E0
1.105655635E0,5.718029022E0,-5.686793804E0,3.058624268E-1,8.070255975E0
1.110655635E0,4.604737282E0,-5.431699276E0,-6.152467728E-1,7.147411493E0
1.115655635E0,4.409256935E0,-4.661539078E0,-1.296849251E0,6.546244058E0
1.120655635E0,4.170191765E0,-4.046199799E0,-1.848130226E0,6.097361519E0
1.125655635E0,4.180743217E0,-3.539424419E0,-2.202962875E0,5.904166707E0
1.130655635E0,4.435094833E0,-3.122046947E0,-1.928082943E0,5.756278933E0
1.135655635E0,4.843390465E0,-2.755950451E0,-6.982679367E-1,5.616161696E0
1.140655635E0,5.240314007E0,-2.440539122E0,1.010613441E0,5.868429230E0
1.145655635E0,5.411983013E0,-2.149159908E0,2.035456657E0,6.168592404E0
1.150655635E0,5.197171688E0,-1.834636569E0,1.685865402E0,5.763560276E0
1.155655635E0,4.882757664E0,-1.548520684E0,4.985170364E-1,5.146625880E0
1.160655635E0,4.471193790E0,-1.330030203E0,-5.450429916E-1,4.696554707E0
1.165655635E0,4.236157417E0,-1.198658824E0,-9.277172089E-1,4.499163462E0
1.170655635E0,4.573426723E0,-1.391122580E0,-7.217912674E-1,4.834504800E0
1.175655635E0,5.357248783E0,-1.645702362E0,-3.361024857E-1,5.614393615E0
1.180655635E0,5.684392929E0,-1.441565275E0,-1.491765976E-1,5.866232784E0
1.185655635E0,5.815204620E0,-1.076755524E0,9.969329834E-2,5.914891883E0
1.190655635E0,5.321208477E0,-4.712378979E-1,4.786043167E-1,5.363430516E0
1.195655635E0,4.013849735E0,3.126322031E-1,6.160306931E-1,4.072864153E0
1.200655635E0,2.244542360E0,1.011037946E0,2.600097656E-1,2.475433944E0
1.205655635E0,4.907635152E-1,1.563569903E0,-2.608222961E-1,1.659405900E0
1.210655635E0,-9.313039184E-1,1.014656425E0,-6.996688843E-1,1.544794872E0
1.215655635E0,-1.017390132E0,2.583400607E-1,-6.590900421E-1,1.239444211E0
1.220655635E0,-5.067391396E-1,-1.018750966E-1,-1.518936157E-1,5.387344071E-1
1.225655635E0,-3.597553968E-1,-2.358492315E-1,1.975774765E-1,4.733768739E-1
1.230655635E0,-2.982003689E-1,-3.514467180E-1,1.921463013E-1,4.993580446E-1
1.235655635E0,-2.128503472E-1,-3.221139312E-1,-6.436729431E-2,3.914151294E-1
1.240655635E0,-1.085454151E-1,-2.941898108E-1,-3.156757355E-1,4.449504712E-1
1.245655635E0,-6.671273708E-2,-2.990094423E-1,-3.485088348E-1,4.640211675E-1
1.250655635E0,-1.214791909E-1,-2.982622981E-1,-1.858587265E-1,3.718347193E-1
1.255655635E0,-2.310553044E-1,-2.563092709E-1,-5.890369415E-2,3.500723371E-1
1.260655635E0,-3.396670222E-1,-1.827120781E-1,-5.156993866E-2,3.891231785E-1
1.265655635E0,-3.674352467E-1,-9.800586104E-2,-1.538515091E-1,4.102244461E-1
1.270655635E0,-2.974452078E-1,-6.285151839E-2,-1.595478058E-1,3.433357939E-1
1.275655635E0,-1.976699978E-1,-9.028291702E-2,-6.483173370E-2,2.267765130E-1
1.280655635E0,-3.237820044E-2,-1.611377299E-1,1.121969223E-1,1.990021739E-1
1.285655635E0,1.466555148E-1,-2.526355982E-1,2.568731308E-1,3.889940756E-1
1.290655635E0,2.572566569E-1,-3.347514272E-1,2.987718582E-1,5.172080131E-1
1.295655635E0,2.527813315E-1,-3.548781872E-1,2.777423859E-1,5.166989087E-1
1.300655635E0,1.953414381E-1,-3.603793681E-1,1.836719513E-1,4.491847638E-1
1.305655635E0,1.369986683E-1,-3.775801659E-1,7.089805603E-2,4.078749209E-1
1.310655635E0,2.182350308E-2,-3.995914161E-1,-5.999279022E-2,4.046587451E-1
1.315655635E0,-3.020482697E-2,-4.576427639E-1,-1.923761368E-1,4.973507906E-1
1.320655635E0,-2.695503179E-3,-5.419255495E-1,-3.078842163E-1,6.232842510E-1
1.325655635E0,8.984979242E-2,-6.632975936E-1,-3.324785233E-1,7.473811954E-1
1.330655635E0,1.854893416E-1,-7.639133334E-1,-2.339963913E-1,8.201976518E-1
1.335655635E0,1.283864677E-1,-6.429845095E-1,-4.815006256E-2,6.574424637E-1
1.340655635E0,-3.324103355E-2,-3.649312556E-1,1.568603516E-1,3.986037600E-1
1.345655635E0,-1.361206025E-1,-1.666117907E-1,2.699050903E-1,3.451623748E-1
1.350655635E0,-5.502377450E-2,-1.221268773E-1,2.622861862E-1,2.945108375E-1
1.355655635E0,1.019570529E-1,-2.473793924E-1,9.883213043E-2,2.852360328E-1
1.360655635E0,1.923037767E-1,-4.003295302E-1,-1.574211121E-1,4.711962244E-1
1.365655635E0,2.816146612E-1,-6.126102209E-1,-3.948040009E-1,7.813247080E-1
1.370655635E0,4.861840904E-1,-8.453598619E-1,-4.362154007E-1,1.068312755E0
1.375655635E0,6.901215315E-1,-1.082107186E0,-3.018484116E-1,1.318459766E0
1.380655635E0,8.298000097E-1,-1.279779315E0,-7.395935059E-2,1.527047195E0
1.385655635E0,9.444111586E-1,-1.437793255E0,1.311092377E-1,1.725210570E0
1.390655635E0,1.006596327E0,-1.598953485E0,2.323703766E-1,1.903650285E0
1.395655635E0,1.002665043E0,-1.680819035E0,2.266073227E-1,1.970238740E0
1.400655635E0,1.065039158E0,-1.832072854E0,7.708072662E-2,2.120552001E0
1.405655635E0,9.760651588E-1,-2.118097067E0,-1.106252670E-1,2.334796850E0
1.410655635E0,8.054411411E-1,-2.503394365E0,-2.946109772E-1,2.646226447E0
1.415655635E0,1.071877122E0,-2.549557447E0,5.918216705E-2,2.766345291E0
1.420655635E0,1.801710725E0,-2.245477200E0,1.037922859E0,3.060328945E0
1.425655635E0,2.660480261E0,-2.168596506E0,1.218127251E0,3.642087317E0
1.430655635E0,3.371997833E0,-2.269591093E0,4.794883728E-1,4.092837917E0
1.435655635E0,4.464376450E0,-2.763825893E0,-3.256950378E-1,5.260747847E0
1.440655635E0,5.331424236E0,-3.377003431E0,-6.778202057E-1,6.347257423E0
1.445655635E0,5.948383808E0,-3.996353865E0,-5.657005310E-1,7.188472107E0
1.450655635E0,6.221142292E0,-4.325916290E0,-1.659898758E-1,7.579163266E0
1.455655635E0,6.383152008E0,-4.418958187E0,3.569030762E-1,7.771692275E0
1.460655635E0,6.173417568E0,-4.137844086E0,7.467117310E-1,7.469298264E0
1.465655635E0,5.627323627E0,-3.706508636E0,8.593816757E-1,6.792901762E0
1.470655635E0,4.591565132E0,-3.438483477E0,4.420700073E-1,5.753352490E0
1.475655635E0,3.646004677E0,-3.433037281E0,-4.132432938E-1,5.024924387E0
1.480655635E0,2.698060036E0,-3.484816551E0,-9.505023956E-1,4.508539581E0
1.485655635E0,1.573800087E0,-3.373683929E0,-8.247079849E-1,3.812969083E0
1.490655635E0,6.122105718E-1,-3.174960613E0,-2.446794510E-1,3.242690968E0
1.495655635E0,-5.348442122E-2,-3.119564533E0,2.948465347E-1,3.133923729E0
1.500655635E0,-1.008323669E0,-3.100774527E0,7.082586288E-1,3.336637465E0
1.505655635E0,-1.575481653E0,-3.220459938E0,9.693813324E-1,3.713920411E0
1.510655635E0,-1.780989885E0,-3.235013723E0,9.048423767E-1,3.802101851E0
1.515655635E0,-1.875002146E0,-2.944159508E0,6.775121689E-1,3.555661822E0
1.520655635E0,-1.879085779E0,-2.732316732E0,-2.065315247E-1,3.322525149E0
1.525655635E0,-1.621042132E0,-2.856778622E0,-1.737975121E0,3.716116146E0
1.530655635E0,-1.478931189E0,-2.891946554E0,-3.220201492E0,4.573870351E0
1.535655635E0,-1.563736439E0,-2.881820679E0,-4.136933327E0,5.278672127E0
1.540655635E0,-1.837661028E0,-2.742410421E0,-4.163889885E0,5.313736157E0
1.545655635E0,-2.203644514E0,-2.439369440E0,-3.651341438E0,4.913132067E0
1.550655635E0,-2.788297653E0,-2.021054506E0,-2.931506634E0,4.522498896E0
1.555655635E0,-4.406674385E0,-2.152209997E0,-6.804676056E-1,4.951143622E0
1.560655635E0,-7.267357826E0,-2.112746954E0,7.517096519E0,1.066700190E1
1.565655635E0,-6.638540745E0,-1.079855919E0,1.182766533E1,1.360624780E1
1.570655635E0,-4.124353409E0,-4.976720810E-1,6.489667892E0,7.705436905E0
1.575655635E0,-2.979733706E0,-1.050773025E0,6.063270569E-2,3.160160317E0
1.580655635E0,-2.489716768E0,-1.737351060E0,-3.346680641E0,4.518556142E0
1.585655635E0,-2.541248560E0,-2.456329107E0,-4.243966103E0,5.522929042E0
1.590655635E0,-3.243503332E0,-3.180983543E0,-2.986481667E0,5.436730903E0
1.595655635E0,-3.998965740E0,-3.435311794E0,-6.790943146E-1,5.315473940E0
1.600655635E0,-4.332804680E0,-3.071594477E0,1.456925392E0,5.507315192E0
1.605655635E0,-4.253826141E0,-2.278423786E0,2.826379776E0,5.592376456E0
1.610655635E0,-4.268381119E0,-1.550587416E0,3.095788956E0,5.496117536E0
1.615655635E0,-4.176006794E0,-1.140890241E0,2.033204079E0,4.782737930E0
1.620655635E0,-4.014511108E0,-8.286464214E-1,6.527662277E-1,4.150790055E0
1.625655635E0,-3.852789164E0,-5.090730190E-1,-4.640903473E-1,3.913888032E0
1.630655635E0,-3.480816841E0,-2.123412341E-1,-1.484286308E0,3.790023816E0
1.635655635E0,-2.756188393E0,-1.148804724E-1,-2.449961185E0,3.689455487E0
1.640655635E0,-2.466013670E0,2.245539725E-1,-2.273185730E0,3.361401682E0
1.645655635E0,-2.449535608E0,4.445825219E-1,-9.458761215E-1,2.663186053E0
1.650655635E0,-2.330094814E0,5.599313378E-1,-4.982452393E-1,2.447675073E0
1.655655635E0,-2.095398664E0,4.735929370E-1,-7.218103409E-1,2.266273594E0
1.660655635E0,-2.016985893E0,4.289737642E-1,-7.208395004E-1,2.184458782E0
1.665655635E0,-2.066614628E0,4.982135892E-1,-3.025846481E-1,2.147247138E0
1.670655635E0,-2.199781656E0,7.228122950E-1,3.862247467E-1,2.347480885E0
1.675655635E0,-2.133103132E0,8.099750280E-1,1.162196159E0,2.560642191E0
1.680655635E0,-1.933577657E0,7.595815063E-1,1.574300766E0,2.606551270E0
1.685655635E0,-1.636321664E0,5.281525850E-1,1.735827446E0,2.443274578E0
1.690655635E0,-1.255143166E0,2.470630109E-1,1.427815437E0,1.917050187E0
1.695655635E0,-8.326263428E-1,-5.219182372E-2,6.965770721E-1,1.086834960E0
1.700655635E0,-4.352268875E-1,-3.319856226E-1,-2.003488541E-1,5.829035602E-1
1.705655635E0,-1.943159103E-1,-4.505354762E-1,-1.017606735E0,1.129718707E0
1.710655635E0,-4.867555499E-1,-2.471084595E-1,-1.510789871E0,1.606387124E0
1.715655635E0,-8.517608643E-1,2.350032330E-3,-1.611721039E0,1.822950027E0
1.720655635E0,-1.135782242E0,4.033616781E-1,-1.305228233E0,1.776604257E0
1.725655635E0,-1.400838494E0,8.979079723E-1,-6.904373169E-1,1.801469096E0
1.730655635E0,-1.597340822E0,1.332179785E0,1.822662354E-1,2.087922810E0
1.735655635E0,-1.855624080E0,1.653270960E0,1.070193291E0,2.705911911E0
1.740655635E0,-2.175929785E0,1.751664519E0,1.625988960E0,3.232157038E0
1.745655635E0,-2.638769150E0,1.570021391E0,1.473464012E0,3.405754834E0
1.750655635E0,-2.926117182E0,8.867712021E-1,6.979875565E-1,3.136193801E0
1.755655635E0,-2.282606363E0,-9.761764109E-2,-1.769666672E-1,2.291536213E0
1.760655635E0,-1.359639913E-1,-5.305931568E-1,-5.447359085E-1,7.724975825E-1
1.765655635E0,1.250349641E0,-2.764602900E-1,-5.370979309E-1,1.388624753E0
1.770655635E0,4.136107564E-1,3.950715065E-2,-5.928573608E-1,7.239575423E-1
1.775655635E0,-2.838133574E-1,-7.636427879E-3,-6.037206650E-1,6.671483929E-1
1.780655635E0,1.191485822E-1,-1.090942621E-1,-3.284034729E-1,3.659874092E-1
1.785655635E0,5.730406642E-1,-3.006392717E-2,-8.373928070E-2,5.799066388E-1
1.790655635E0,7.655605674E-1,-6.236079335E-2,4.192447662E-2,7.692395678E-1
1.795655635E0,8.331372738E-1,-2.464141548E-1,2.277660370E-2,8.691124359E-1
1.800655635E0,8.839097023E-1,-4.563229084E-1,-1.382417679E-1,1.004309586E0
1.805655635E0,9.783643484E-1,-6.821821928E-1,-3.086776733E-1,1.232011059E0
1.810655635E0,1.037829280E0,-9.341528416E-1,-3.562059402E-1,1.441046084E0
1.815655635E0,1.104291439E0,-1.090438128E0,-2.742938995E-1,1.575992397E0
1.820655635E0,9.833828211E-1,-1.047447562E0,8.304595947E-3,1.436752287E0
1.825655635E0,7.355950475E-1,-7.452704906E-1,4.967956543E-1,1.159022908E0
1.830655635E0,5.060708523E-1,-2.931073010E-1,9.251489639E-1,1.094495410E0
1.835655635E0,2.457202673E-1,9.214273095E-2,1.079831123E0,1.111262340E0
1.840655635E0,6.628095359E-2,2.091391683E-1,8.222408295E-1,8.510066616E-1
1.845655635E0,-1.388002187E-1,1.223859489E-1,2.184219360E-1,2.862725333E-1
1.850655635E0,-2.026951313E-1,-1.206917018E-1,-3.367156982E-1,4.111316876E-1
1.855655635E0,-3.966720104E-1,-1.663508862E-1,-5.693693161E-1,7.135844164E-1
1.860655635E0,-4.298511147E-1,-4.191330075E-2,-4.528617859E-1,6.257895035E-1
1.865655635E0,-5.259650946E-1,3.064151704E-1,-7.149314880E-2,6.128954297E-1
1.870655635E0,-6.591070890E-1,6.841708422E-1,2.586660385E-1,9.845912937E-1
1.875655635E0,-6.827922463E-1,9.803572893E-1,4.908266068E-1,1.291594528E0
1.880655635E0,-6.891803145E-1,1.270176649E0,5.665693283E-1,1.552198128E0
1.885655635E0,-5.561767817E-1,1.528660178E0,5.296974182E-1,1.710764130E0
1.890655635E0,-1.619582176E-1,1.673623443E0,4.494142532E-1,1.740465186E0
1.895655635E0,4.780641198E-1,1.592686772E0,4.668169022E-1,1.727169499E0
1.900655635E0,9.574774504E-1,1.292875409E0,6.600494385E-1,1.738952315E0
1.905655635E0,9.401253462E-1,1.157416821E0,1.009370804E0,1.800632884E0
1.910655635E0,8.565993905E-1,1.137234449E0,1.376719475E0,1.980510344E0
1.915655635E0,5.725623369E-1,1.186484218E0,1.727160454E0,2.172246685E0
1.920655635E0,3.697568178E-1,1.098822236E0,1.936699867E0,2.257196665E0
1.925655635E0,2.043454647E-1,9.525913596E-1,1.960741043E0,2.189450343E0
1.930655635E0,7.360363007E-2,7.982662916E-1,1.961289406E0,2.118797466E0
1.935655635E0,1.077759266E-1,6.880053282E-1,2.120319366E0,2.231752943E0
1.940655635E0,3.144626617E-1,6.379605532E-1,2.356396675E0,2.461399139E0
1.945655635E0,1.508688927E-1,7.515629530E-1,2.641390800E0,2.750373367E0
1.950655635E0,1.856646538E-1,7.013733983E-1,2.709487915E0,2.804945769E0
1.955655635E0,2.661371231E-1,6.100488305E-1,2.302158356E0,2.396439367E0
1.960655635E0,5.018320084E-1,5.235842466E-1,1.487817764E0,1.655166918E0
1.965655635E0,7.555387020E-1,4.909588099E-1,5.468301773E-1,1.053993608E0
1.970655635E0,6.952860355E-1,5.591800213E-1,3.536415100E-2,8.929476976E-1
1.975655635E0,6.833822727E-1,4.733252823E-1,-6.445407867E-2,8.337880317E-1
1.980655635E0,6.700029373E-1,2.290371358E-1,-2.373981476E-2,7.084670242E-1
1.985655635E0,1.784706116E-1,4.442632198E-4,-1.359176636E-2,1.789879680E-1
1.990655635E0,-2.453937531E-1,-2.348805964E-1,1.177635193E-1,3.595208409E-1
1.995655635E0,-5.988755226E-1,-2.565990984E-1,3.666419983E-1,7.476104225E-1
2.000655635E0,-9.566321373E-1,-1.580311358E-1,6.526002884E-1,1.168762603E0
2.005655635E0,-8.149895668E-1,-2.253052592E-1,7.099256516E-1,1.104067428E0
2.010655635E0,-6.061682701E-1,-2.994583249E-1,3.596839905E-1,7.658249363E-1
2.015655635E0,-4.553747177E-1,-4.212540984E-1,-5.773620605E-1,8.474479913E-1
2.020655635E0,-1.748790741E-1,-5.662759542E-1,-1.437807560E0,1.555166141E0
2.025655635E0,2.608442307E-2,-6.475206017E-1,-1.954632282E0,2.059259742E0
2.030655635E0,1.635279655E-1,-6.981917620E-1,-2.177488804E0,2.292524945E0
2.035655635E0,2.174630165E-1,-6.725264788E-1,-2.084791183E0,2.201348747E0
2.040655635E0,-4.420280457E-4,-5.439938307E-1,-1.928603172E0,2.003856202E0
2.045655635E0,-1.714344025E-1,-3.772659600E-1,-1.694709301E0,1.744637204E0
2.050655635E0,-6.164455414E-2,-5.873519182E-2,-1.076657295E0,1.080018891E0
2.055655635E0,7.733674049E-1,3.373214602E-1,-1.661272049E-1,8.599309035E-1
2.060655635E0,1.716909409E0,2.341131270E-1,1.785030365E-1,1.741967338E0
2.065655635E0,2.637473106E0,-2.078739703E-1,7.469654083E-2,2.646706547E0
2.070655635E0,3.612974644E0,-7.574921846E-1,3.678622246E-1,3.709811694E0
2.075655635E0,4.304281235E0,-1.374314308E0,9.690799713E-1,4.621113800E0
2.080655635E0,4.395565510E0,-1.698913693E0,1.601421356E0,4.977133136E0
2.085655635E0,3.840098381E0,-1.236308336E0,2.369215488E0,4.678460848E0
2.090655635E0,3.483472824E0,-9.377772212E-1,2.770196438E0,4.548406022E0
2.095655635E0,2.289556503E0,-7.681525946E-1,8.063964844E-1,2.546056300E0
2.100655635E0,8.002114296E-1,-3.222259879E-1,-1.036130428E0,1.348233727E0
2.105655635E0,-1.385879517E-1,-1.010179222E-1,-1.292743683E0,1.304069580E0
2.110655635E0,-7.971496582E-1,-8.592617512E-2,-8.751125336E-1,1.186866813E0
2.115655635E0,-1.278661728E0,-2.035686970E-1,-6.203875542E-1,1.435721681E0
2.120655635E0,-1.667309761E0,-4.321725667E-1,-7.585139275E-1,1.882030378E0
2.125655635E0,-1.532206535E0,-8.148821592E-1,-7.847185135E-1,1.904592593E0
2.130655635E0,-1.577702522E0,-1.370043993E0,-5.045132637E-1,2.149581221E0
2.135655635E0,-1.829318047E0,-2.365673780E0,-4.314088821E-2,2.990765468E0
2.140655635E0,-1.346563339E0,-3.646392345E0,-4.873571396E-1,3.917515405E0
2.145655635E0,-4.369163513E-2,-4.074077606E0,-2.138262272E0,4.601324032E0
2.150655635E0,6.804852486E-1,-2.364766598E0,-3.354474783E0,4.160250269E0
2.155655635E0,1.197666168E0,-9.464085102E-2,-3.967819929E0,4.145715394E0
2.160655635E0,2.871191502E0,5.503799915E-1,-4.612854958E0,5.461235175E0
2.165655635E0,4.503645420E0,2.874233425E-1,-5.288315296E0,6.952101331E0
2.170655635E0,5.474940777E0,-4.786589742E-2,-6.022450447E0,8.139236883E0
2.175655635E0,5.904454708E0,-3.064627647E-1,-6.677761555E0,8.919024846E0
2.180655635E0,5.827878952E0,-3.846523464E-1,-7.057121754E0,9.160518433E0
2.185655635E0,5.499124050E0,-3.478773236E-1,-7.335297108E0,9.174310198E0
2.190655635E0,5.192401409E0,-3.052378893E-1,-7.584092617E0,9.196339673E0
2.195655635E0,4.888669014E0,-2.546072602E-1,-7.796792984E0,9.206187616E0
2.200655635E0,4.438088894E0,-1.754820049E-1,-7.825934410E0,8.998481892E0
2.205655635E0,1.856275082E0,4.506679177E-1,-5.336885452E0,5.668439387E0
2.210655635E0,-4.903123379E0,1.788206816E0,1.742649078E0,5.502283916E0
2.215655635E0,-9.876787186E0,2.052481890E0,6.550691605E0,1.202809908E1
2.220655635E0,-9.065366745E0,1.230020285E0,4.350575447E0,1.013021870E1
2.225655635E0,-5.043009758E0,4.284830689E-1,-2.080422878E0,5.472084110E0
2.230655635E0,-2.772436142E0,8.239716291E-3,-5.888700008E0,6.508706311E0
2.235655635E0,-1.972130656E0,-2.036880702E-1,-6.850905895E0,7.132019331E0
2.240655635E0,-2.136692524E0,-3.759473860E-1,-5.110488892E0,5.551926521E0
2.245655635E0,4.271455288E0,6.501324177E-1,1.178784943E1,1.255473602E1
2.250655635E0,2.557596588E1,3.624501944E0,3.969337082E1,4.735853389E1
2.255655635E0,2.237646484E1,3.622460961E-1,3.855947113E1,4.458329525E1
2.260655635E0,8.186165810E0,-5.623660684E-1,2.573979568E1,2.701604427E1
2.265655635E0,-1.866202950E0,1.286269665E0,1.199408245E1,1.220635969E1
2.270655635E0,-1.364401937E0,7.873763442E-1,-8.069000244E-1,1.769927061E0
2.275655635E0,3.579729199E-1,-3.409570456E-2,-8.198103905E0,8.205986520E0
2.280655635E0,6.880623698E-1,-2.099874169E-1,-9.635281563E0,9.662099944E0
2.285655635E0,8.630004525E-1,-1.887471229E-1,-9.473314285E0,9.514414265E0
2.290655635E0,1.103847742E0,-1.918451488E-1,-9.602922440E0,9.668061014E0
2.295655635E0,1.367762804E0,-1.996010542E-1,-9.498435020E0,9.598483396E0
2.300655635E0,1.660173535E0,-2.222397923E-1,-9.067555428E0,9.220961345E0
2.305655635E0,1.946932554E0,-2.715801597E-1,-5.626096725E0,5.959636442E0
2.310655635E0,3.512792587E-1,2.890718877E-1,2.958612442E-1,5.426725990E-1
2.315655635E0,-2.210283518E0,4.340941906E-1,2.101975441E0,3.080923847E0
2.320655635E0,-2.193809271E0,1.912562400E-1,-1.083936691E0,2.454444299E0
2.325655635E0,-5.043513775E-1,5.680203438E-2,-5.581486702E0,5.604515196E0
2.330655635E0,6.587933302E-1,-3.408749402E-2,-7.981267929E0,8.008483525E0
2.335655635E0,8.122315407E-1,-5.720223486E-2,-8.365594864E0,8.405127578E0
2.340655635E0,3.609129190E-1,-3.463028371E-2,-7.429834366E0,7.438675695E0
2.345655635E0,-6.252032518E-1,1.589435339E-2,-4.593996048E0,4.636370501E0
2.350655635E0,-1.985736966E0,2.790924907E-2,-6.971969604E-1,2.104759803E0
2.355655635E0,-3.180042744E0,-8.835243434E-2,3.373932838E0,4.637229863E0
2.360655635E0,-3.665401936E0,-3.826077282E-1,5.289879799E0,6.447044928E0
2.365655635E0,-3.246543884E0,-2.651919425E-2,5.813289642E0,6.658459801E0
2.370655635E0,5.172069073E0,3.232455492E0,9.597946167E0,1.137187925E1
2.375655635E0,1.045196056E1,6.889580488E-1,1.229717541E1,1.615359606E1
2.380655635E0,5.588732243E0,-1.727773309E0,1.039569664E1,1.192852201E1
2.385655635E0,1.664087892E0,5.470855534E-2,8.302248955E0,8.467556864E0
2.390655635E0,-8.043360710E-1,9.093103409E-1,5.377131462E0,5.512471730E0
2.395655635E0,-1.117244363E0,5.619210005E-1,-3.705844879E-1,1.304347745E0
2.400655635E0,-3.727481365E-1,-2.786175907E-2,-5.258463383E0,5.271731651E0
2.405655635E0,8.230352402E-2,-2.317110002E-1,-6.991738319E0,6.996060933E0
2.410655635E0,7.213270664E-2,-3.186817467E-1,-6.952785492E0,6.960458841E0
2.415655635E0,-1.328863502E-1,-4.291526675E-1,-5.404808998E0,5.423448267E0
2.420655635E0,-5.699390769E-1,-6.018631458E-1,-2.809766769E0,2.929481028E0
2.425655635E0,-1.332940221E0,-5.499861240E-1,-1.111534119E0,1.820637928E0
2.430655635E0,-1.701330662E0,-2.804069519E-1,-1.975967407E0,2.622518117E0
2.435655635E0,-1.496119738E0,-1.433557719E-1,-4.630450249E0,4.868264029E0
2.440655635E0,-1.443208098E0,-9.089985490E-2,-6.936165333E0,7.085301823E0
2.445655635E0,-1.107760191E0,1.118867993E0,-8.813174248E0,8.952711240E0
2.450655635E0,1.953793406E0,2.345624447E0,-4.046073914E0,5.068528074E0
2.455655635E0,4.737088203E0,4.589418173E-1,6.629567146E0,8.160992145E0
2.460655635E0,3.819706917E0,-7.853358388E-1,1.613200951E1,1.659664557E1
2.465655635E0,-7.351290584E-1,-2.200739086E-1,1.701515388E1,1.703244871E1
2.470655635E0,-2.881093025E0,3.413090110E-2,9.285365105E0,9.722132845E0
2.475655635E0,-1.507834196E0,-3.088673055E-1,-6.166524887E-1,1.658078185E0
2.480655635E0,-5.931388140E-1,-3.296644986E-1,-6.937418938E0,6.970528951E0
2.485655635E0,-5.422269106E-1,-3.280147910E-1,-8.557209969E0,8.580643692E0
2.490655635E0,-8.242125511E-1,-5.440655947E-1,-8.003167152E0,8.063871165E0
2.495655635E0,-9.530571103E-2,-4.470096231E-1,-6.170892715E0,6.187795867E0
2.500655635E0,2.164765120E0,8.568879962E-2,-1.682822227E0,2.743253769E0
2.505655635E0,3.438511610E0,4.613518417E-1,5.948236465E0,6.886052909E0
2.510655635E0,7.426932454E-1,7.482930422E-1,1.126467705E1,1.131390670E1
2.515655635E0,-2.504241467E0,3.817649782E-1,7.450489998E0,7.869356456E0
2.520655635E0,-1.667779207E0,6.375601888E-2,-8.066616058E-1,1.853713910E0
2.525655635E0,-3.541927338E-1,1.701128483E-1,-5.533699036E0,5.547631557E0
2.530655635E0,7.176040113E-2,1.414704323E-1,-7.363456726E0,7.365165198E0
2.535655635E0,4.129208624E-1,5.841678381E-2,-6.820173264E0,6.832911495E0
2.540655635E0,9.013558030E-1,-8.613078296E-2,-4.496128082E0,4.586396028E0
2.545655635E0,1.375581861E0,-3.130983412E-1,6.655645370E-1,1.559882104E0
2.550655635E0,7.299775481E-1,-3.541597128E-1,6.466577530E0,6.517278671E0
2.555655635E0,-1.102632046E0,1.987555623E-2,8.956604004E0,9.024242226E0
2.560655635E0,-1.284519911E0,1.470856667E-1,5.804174423E0,5.946433076E0
2.565655635E0,1.746091992E-1,1.689536572E-1,2.682809830E-1,3.619508206E-1
2.570655635E0,6.713235974E-1,2.414252162E-1,-3.691215515E0,3.759525700E0
2.575655635E0,5.977751017E-1,2.046567798E-1,-5.162711143E0,5.201231183E0
2.580655635E0,3.836870790E-1,3.770259023E-2,-4.504494190E0,4.520962859E0
2.585655635E0,3.099038452E-2,2.971699834E-2,-1.995563507E0,1.996025354E0
2.590655635E0,-3.089160621E-1,6.139984727E-2,6.838359833E-1,7.528816153E-1
2.595655635E0,-4.948488474E-1,3.315892816E-2,2.695730209E0,2.740973597E0
2.600655635E0,-4.067911804E-1,3.910475969E-2,2.752631187E0,2.782801951E0
2.605655635E0,1.931694448E-1,-4.380860925E-2,1.304866791E0,1.319814748E0
2.610655635E0,4.241003990E-1,1.117127240E-1,-3.581666946E-1,5.662369312E-1
2.615655635E0,4.245801568E-1,8.937746286E-3,-1.362580299E0,1.427225723E0
2.620655635E0,4.507073015E-2,3.478080034E-2,-1.452463150E0,1.453578439E0
2.625655635E0,-5.859355628E-2,2.728134394E-2,-7.038688660E-1,7.068301472E-1
2.630655635E0,-1.693308353E-3,5.498528481E-5,2.994070053E-1,2.994117986E-1
2.635655635E0,-3.559315205E-2,2.031424642E-2,9.848613739E-1,9.857136840E-1
2.640655635E0,1.240241975E-1,2.050200105E-2,1.115908623E0,1.122966780E0
2.645655635E0,2.416358590E-1,3.570383787E-2,7.087421417E-1,7.496519698E-1
2.650655635E0,1.253724396E-1,1.051241457E-1,9.420776367E-2,1.887973447E-1
2.655655635E0,1.515808702E-2,9.280669689E-2,-4.634017944E-1,4.728467761E-1
2.660655635E0,-4.011004046E-2,4.726222157E-2,-8.921098709E-1,8.942608986E-1
2.665655635E0,-1.798803061E-1,1.093659103E-1,-1.024184227E0,1.045596078E0
2.670655635E0,2.358537912E-2,2.285364270E-2,-7.800683975E-1,7.807594149E-1
2.675655635E0,8.038995415E-2,2.403593063E-2,-2.402639389E-1,2.544936758E-1
2.680655635E0,1.864216849E-2,1.652409136E-1,4.338283539E-1,4.646064255E-1
2.685655635E0,2.056335211E-1,4.005140066E-2,8.736925125E-1,8.984586057E-1
2.690655635E0,3.503067493E-1,1.129505634E-1,1.017561913E0,1.082083589E0
2.695655635E0,-5.429305509E-2,3.757055700E-1,5.746212006E-1,6.886885619E-1
2.700655635E0,-5.445480347E-4,3.520852327E-1,-2.875442505E-1,4.545833297E-1
2.705655635E0,1.129562706E-1,2.310418785E-1,-1.259843826E0,1.285825002E0
2.710655635E0,4.062106609E-1,2.973178923E-1,-1.955963135E0,2.019702160E0
2.715655635E0,1.045421982E1,3.958994627E0,-2.007033825E0,1.135748807E1
2.720655635E0,1.278645992E1,5.074901104E0,-1.391752243E0,1.382697193E1
2.725655635E0,5.796766758E0,2.546998739E0,-4.292869568E-1,6.346179537E0
2.730655635E0,3.273952961E0,1.624408007E0,1.765338898E0,4.058804108E0
2.735655635E0,3.864986897E0,1.899792433E0,4.048428535E0,5.910762100E0
2.740655635E0,5.268214703E0,2.128962755E0,5.299079895E0,7.769608504E0
2.745655635E0,5.796536446E0,2.055964231E0,4.437908173E0,7.584316227E0
2.750655635E0,6.484207153E0,2.143999100E0,1.632411957E0,7.021854694E0
2.755655635E0,6.128020287E0,1.662557364E0,-1.729466438E0,6.580864972E0
2.760655635E0,4.958504200E0,1.914559901E-1,-4.005524635E0,6.377119013E0
2.765655635E0,2.973573446E0,-1.616252422E0,-5.066059113E0,6.092566443E0
2.770655635E0,9.519433975E-1,-3.055306196E0,-5.116638184E0,6.034987861E0
2.775655635E0,-1.218645096E0,-3.985810280E0,-4.615008354E0,6.218527283E0
2.780655635E0,-3.322691441E0,-4.228440762E0,-3.711379051E0,6.534089389E0
2.785655635E0,-4.782986641E0,-3.954569578E0,-2.510834694E0,6.694764568E0
2.790655635E0,-4.868878365E0,-3.125161171E0,-7.065954208E-1,5.828540637E0
2.795655635E0,-3.680262327E0,-1.879734278E0,1.908415794E0,4.551898790E0
2.800655635E0,-1.846591473E0,-3.279230893E-1,4.905926704E0,5.252194822E0
2.805655635E0,-1.143621206E-1,1.044632792E0,6.919389725E0,6.998734923E0
2.810655635E0,1.000810623E0,1.944776177E0,6.905965805E0,7.244041688E0
2.815655635E0,2.666966915E0,2.425958395E0,4.747789383E0,5.961500707E0
2.820655635E0,3.722455978E0,2.249265194E0,1.906800270E0,4.748869307E0
2.825655635E0,3.863965988E0,1.553917646E0,4.826164246E-2,4.164999687E0
2.830655635E0,3.308740854E0,6.787399054E-1,-8.239450455E-1,3.476685108E0
2.835655635E0,2.735147476E0,5.841495097E-2,-1.085906029E0,2.943405498E0
2.840655635E0,2.816252708E0,-9.780091047E-2,-1.124561310E0,3.034053802E0
2.845655635E0,2.669295311E0,-2.265210152E-1,-1.039228439E0,2.873403031E0
2.850655635E0,2.459205389E0,-5.225363970E-1,-8.786087036E-1,2.663210222E0
2.855655635E0,1.848606110E0,-7.789523602E-1,-8.283576965E-1,2.170319746E0
2.860655635E0,1.324722648E0,-8.497697115E-1,-9.091186523E-1,1.817552029E0
2.865655635E0,6.868768930E-1,-7.337264419E-1,-8.882274628E-1,1.341306223E0
2.870655635E0,-4.117155075E-2,-3.860085905E-1,-6.868419647E-1,7.889547598E-1
2.875655635E0,-6.644744873E-1,1.328315139E-1,-2.988185883E-1,7.405829488E-1
2.880655635E0,-1.246262312E0,6.214193106E-1,2.791223526E-1,1.420296095E0
2.885655635E0,-1.906419158E0,9.583235979E-1,8.457307816E-1,2.295229548E0
2.890655635E0,-2.783751011E0,1.018607736E0,1.471581459E0,3.309438532E0
2.895655635E0,-3.723704815E0,8.409932852E-1,1.987030983E0,4.303665807E0
2.900655635E0,-4.517201424E0,5.577191710E-1,2.335739136E0,5.115841738E0
2.905655635E0,-5.131942749E0,2.208591104E-1,2.598790169E0,5.756676599E0
2.910655635E0,-5.488483906E0,-1.340842843E-1,2.833067894E0,6.178001932E0
2.915655635E0,-5.544448376E0,-5.004501343E-1,2.940129280E0,6.295690455E0
2.920655635E0,-5.395532131E0,-8.128998280E-1,2.966458321E0,6.210672112E0
2.925655635E0,-4.968039036E0,-1.005869031E0,3.043004036E0,5.912111123E0
2.930655635E0,-4.156548977E0,-1.022952080E0,3.339192390E0,5.428953506E0
2.935655635E0,-3.522974014E0,-1.104359388E0,3.888216972E0,5.361826814E0
2.940655635E0,-3.041626930E0,-1.157536626E0,4.712503433E0,5.727047584E0
2.945655635E0,-2.720044613E0,-1.209784269E0,5.678759575E0,6.411749448E0
2.950655635E0,-2.334320068E0,-1.421875715E0,6.620465279E0,7.162495462E0
2.955655635E0,-2.088539839E0,-1.853355408E0,7.479410172E0,7.983639611E0
2.960655635E0,-1.832926154E0,-2.325583458E0,8.220591545E0,8.737624509E0
2.965655635E0,-1.824568391E0,-2.693982124E0,8.592714310E0,9.188108005E0
2.970655635E0,-1.769571781E0,-2.926621437E0,7.692133904E0,8.418160210E0
2.975655635E0,-1.519426346E0,-2.906070232E0,3.645758629E0,4.903616685E0
2.980655635E0,-1.473330498E0,-2.555931568E0,-2.193770409E0,3.676427280E0
2.985655635E0,-1.661211967E0,-2.083824873E0,-5.651990891E0,6.248756062E0
2.990655635E0,-2.148680449E0,-1.640247822E0,-5.947098255E0,6.532627208E0
2.995655635E0,-2.928088665E0,-1.230966806E0,-4.910078049E0,5.847892693E0
3.000655635E0,-3.803851604E0,-8.221874237E-1,-4.036314487E0,5.606880936E0
3.005655635E0,-4.627247334E0,-3.824634552E-1,-3.763756752E0,5.976919028E0
3.010655635E0,-4.936761856E0,-1.291907020E-2,-3.257098675E0,5.914429499E0
3.015655635E0,-3.832353830E0,3.336305022E-1,-3.346891403E-1,3.861380843E0
3.020655635E0,-1.650361538E0,6.329647899E-1,4.394952297E0,4.737081731E0
3.025655635E0,-5.736393929E-1,8.508793116E-1,7.175928593E0,7.248931571E0
3.030655635E0,-1.332721710E0,9.422940016E-1,6.677363873E0,6.873954715E0
3.035655635E0,-3.234205723E0,8.769566417E-1,4.314849377E0,5.463246723E0
3.040655635E0,-4.916446686E0,7.168757319E-1,2.115454674E0,5.400046973E0
3.045655635E0,-5.640231609E0,5.450899005E-1,1.116144180E0,5.775388596E0
3.050655635E0,-5.548894405E0,3.759379983E-1,1.357473850E0,5.724883733E0
3.055655635E0,-4.714955807E0,1.821122468E-1,2.476850510E0,5.329048844E0
3.060655635E0,-3.522023201E0,-4.410967231E-2,3.808115005E0,5.187324261E0
3.065655635E0,-2.479223728E0,-3.200869858E-1,4.938879490E0,5.535479798E0
3.070655635E0,-2.066419601E0,-5.986357331E-1,5.295410156E0,5.715752219E0
3.075655635E0,-2.453910828E0,-8.578975797E-1,4.935726166E0,5.578445966E0
3.080655635E0,-3.454934120E0,-1.055747509E0,3.962526083E0,5.362162394E0
3.085655635E0,-4.695809364E0,-1.135176659E0,2.943610907E0,5.657216347E0
3.090655635E0,-5.653304100E0,-1.110882163E0,2.251595497E0,6.185756923E0
3.095655635E0,-6.228296280E0,-9.988762140E-1,1.895018697E0,6.586389307E0
3.100655635E0,-6.653482914E0,-7.010151148E-1,1.755068064E0,6.916684248E0
3.105655635E0,-6.792937279E0,-3.247393370E-1,1.564724803E0,6.978382063E0
3.110655635E0,-6.345273495E0,1.744937152E-1,1.331815243E0,6.485882794E0
3.115655635E0,-5.049454689E0,9.494103193E-1,1.046939611E0,5.243515535E0
3.120655635E0,-3.336698532E0,1.818206906E0,6.853297353E-1,3.861231707E0
3.125655635E0,-2.401674271E0,2.168809175E0,5.114077926E-1,3.276173144E0
3.130655635E0,-2.366134644E0,1.847322822E0,5.898180008E-1,3.059261354E0
3.135655635E0,-2.976057053E0,1.003048539E0,1.323040128E0,3.407852276E0
3.140655635E0,-3.481815338E0,6.983752847E-1,2.165766001E0,4.159484158E0
3.145655635E0,-4.287327290E0,6.494834423E-1,2.808515787E0,5.166310575E0
3.150655635E0,-5.511376381E0,4.447028637E-1,3.399047852E0,6.490497404E0
3.155655635E0,-6.660338402E0,2.115714848E-1,3.998935938E0,7.771509426E0
3.160655635E0,-7.457409859E0,1.040619612E-2,4.541248322E0,8.731323291E0
3.165655635E0,-7.877756119E0,-1.547608376E-1,4.997064114E0,9.330254130E0
3.170655635E0,-7.884093761E0,-2.496562004E-1,5.325092316E0,9.517240715E0
3.175655635E0,-7.578984737E0,-2.924712896E-1,5.548734188E0,9.397606089E0
3.180655635E0,-7.191001892E0,-2.889487147E-1,5.698832512E0,9.179906948E0
3.185655635E0,-6.997194767E0,-2.212004066E-1,5.910338879E0,9.161974126E0
3.190655635E0,-7.095211029E0,-4.840349406E-2,6.337526798E0,9.513601230E0
3.195655635E0,-7.056421280E0,7.490786910E-2,7.075508118E0,9.993072980E0
3.200655635E0,-6.662349701E0,1.057580039E-1,7.780579567E0,1.024380333E1
3.205655635E0,-6.046125412E0,1.109073013E-1,8.276227951E0,1.025006742E1
3.210655635E0,-5.438816547E0,1.061206311E-1,8.568381310E0,1.014934211E1
3.215655635E0,-4.846124649E0,8.888418972E-2,8.534169197E0,9.814523340E0
3.220655635E0,-4.324254513E0,8.568183333E-2,7.984130859E0,9.080355943E0
3.225655635E0,-3.863530397E0,6.129257753E-2,5.550323009E0,6.762892090E0
3.230655635E0,-1.360364151E1,-3.691643476E-1,-4.191029739E1,4.406436624E1
3.235655635E0,-3.946245956E1,-5.750104785E-1,-1.057488708E2,1.128735577E2
3.240655635E0,-3.386634827E1,-2.291380405E0,-7.681836700E1,8.398357862E1
3.245655635E0,-1.318313789E1,-7.331411839E-1,-1.958753586E1,2.362211213E1
3.250655635E0,-1.291124582E0,1.048680902E0,1.119575214E1,1.131863951E1
3.255655635E0,-6.138378382E-1,3.230468929E-1,1.133361340E1,1.135482051E1
3.260655635E0,-1.046096325E0,9.347012639E-2,1.008497620E1,1.013951671E1
3.265655635E0,-1.410888433E0,1.254878193E-1,9.841521263E0,9.942931868E0
3.270655635E0,-1.698470116E0,1.698782444E-1,9.816108704E0,9.963415551E0
3.275655635E0,-1.947721958E0,2.169825584E-1,9.718307495E0,9.913939824E0
3.280655635E0,-2.192518473E0,2.404570729E-1,8.762549400E0,9.035885615E0
3.285655635E0,-2.518472672E0,3.217642307E-1,3.740735054E0,4.520988339E0
3.290655635E0,-1.783440828E0,6.205793619E-1,-1.284986496E0,2.284068788E0
3.295655635E0,1.660078049E0,5.822937489E-1,-9.231681824E-1,1.986747249E0
3.300655635E0,1.606677532E0,-1.538181603E-1,3.234961510E0,3.615252230E0
3.305655635E0,-3.041424751E-1,-1.461544335E-1,6.925173759E0,6.933389890E0
3.310655635E0,-1.450515628E0,-1.037075967E-1,8.710476875E0,8.831033815E0
3.315655635E0,-1.509740949E0,-1.987109035E-1,9.119903564E0,9.246158380E0
3.320655635E0,-9.899380207E-1,-2.976311445E-1,9.412999153E0,9.469588937E0
3.325655635E0,-4.678210020E-1,-1.417807937E-1,1.048280716E1,1.049419860E1
3.330655635E0,-4.940307140E-1,2.342307419E-1,1.179299355E1,1.180566081E1
3.335655635E0,-8.969454765E-1,3.999208808E-1,1.211531258E1,1.215505026E1
3.340655635E0,-1.161604524E0,2.616402805E-1,1.131296158E1,1.137545078E1
3.345655635E0,-1.091814041E0,4.848086834E-2,1.021747494E1,1.027575800E1
3.350655635E0,-7.067008615E-1,4.733815789E-3,7.641442776E0,7.674053441E0
3.355655635E0,-2.245014906E0,2.088044405E0,-1.512728500E1,1.543485578E1
3.360655635E0,-9.242440224E0,2.920616388E0,-4.395490265E1,4.501095609E1
3.365655635E0,-8.865089417E0,-8.238187432E-1,-4.028196335E1,4.125415202E1
3.370655635E0,1.053672552E0,-3.761386573E-1,-1.729956818E1,1.733570781E1
3.375655635E0,3.548934937E0,3.438795358E-2,1.480833054E0,3.845645362E0
3.380655635E0,1.823362708E-1,1.288443804E-1,9.441142082E0,9.443781616E0
3.385655635E0,-4.838880301E-1,1.459828466E-1,1.054695225E1,1.055905584E1
3.390655635E0,-4.053145349E-1,1.489663124E-1,9.861010551E0,9.870460979E0
3.395655635E0,-3.776324987E-1,1.655249298E-1,9.652081490E0,9.660884115E0
3.400655635E0,-3.796862364E-1,1.929916739E-1,9.568160057E0,9.577635110E0
3.405655635E0,-3.817050755E-1,1.856141388E-1,8.808876038E0,8.819095669E0
3.410655635E0,-1.411107183E-2,-1.004934162E-1,4.353560448E0,4.354743003E0
3.415655635E0,1.309084654E0,-6.343502998E-1,-2.368381500E0,2.779448482E0
3.420655635E0,2.422848940E0,-9.081827402E-1,-6.165748596E0,6.686661994E0
3.425655635E0,1.763703346E0,-9.663103223E-1,-1.551857758E1,1.564834353E1
3.430655635E0,-2.955330133E0,-4.771780670E-1,-2.274039841E1,2.293659510E1
3.435655635E0,-4.443417549E0,5.085043609E-2,-9.115114212E0,1.014060414E1
3.440655635E0,-2.009671211E0,1.044768095E0,7.777766228E0,8.100862068E0
3.445655635E0,1.231337935E-1,1.101463675E0,1.264228058E1,1.269076997E1
3.450655635E0,9.768596292E-2,2.726366520E-1,1.098281097E1,1.098662870E1
3.455655635E0,-2.111462057E-1,-8.351150900E-2,9.905982971E0,9.908584940E0
3.460655635E0,-3.000257313E-1,-8.592066914E-2,9.510873795E0,9.515992756E0
3.465655635E0,-1.205308557E0,3.513092697E-1,1.047777176E1,1.055271946E1
3.470655635E0,-1.888151050E0,1.452410460E0,3.517646790E0,4.248346674E0
3.475655635E0,7.917599678E-1,3.885309100E-1,-1.973140335E1,1.975110423E1
3.480655635E0,-1.066906452E-1,-8.444371819E-1,-2.590641594E1,2.592039436E1
3.485655635E0,-2.709346533E0,-6.125243306E-1,-1.002517605E1,1.040287938E1
3.490655635E0,-4.127182484E0,7.342564464E-1,6.384174824E0,7.637437788E0
3.495655635E0,-5.084756851E0,1.557320833E0,1.178125763E1,1.292586677E1
3.500655635E0,-5.225378513E0,1.377046108E0,9.588521957E0,1.100638860E1
3.505655635E0,-4.438486576E0,6.781154871E-1,5.298011780E0,6.944705359E0
3.510655635E0,-3.262879133E0,8.868506551E-2,1.477388382E0,3.582865014E0
3.515655635E0,-1.233238727E-1,-3.253097236E-1,-1.345932961E0,1.390169316E0
3.520655635E0,4.924043179E0,-8.633923531E-1,-4.079707146E0,6.452569874E0
3.525655635E0,1.046738434E1,-1.667008519E0,-5.571578979E0,1.197445383E1
3.530655635E0,9.720475197E0,-2.085177183E0,-3.694407463E0,1.060585916E1
3.535655635E0,5.412515163E0,-1.396377921E0,-3.231592178E-1,5.599073457E0
3.540655635E0,2.654867887E0,-3.626343012E-1,2.887322426E0,3.939093541E0
3.545655635E0,2.954426050E0,-1.229088567E-2,3.960718155E0,4.941262253E0
3.550655635E0,3.294543028E0,-1.471451819E-1,2.718795300E0,4.274051163E0
3.555655635E0,2.868561745E0,-2.331067175E-1,3.391170502E-1,2.897927811E0
3.560655635E0,2.554301977E0,-1.859047562E-1,-1.161158562E0,2.811993665E0
3.565655635E0,2.266970873E0,-3.789671361E-1,-1.264709473E0,2.623406770E0
3.570655635E0,2.303999901E0,-8.204740286E-1,-9.147348404E-1,2.611193789E0
3.575655635E0,2.536131620E0,-1.390125751E0,-6.551618576E-1,2.965408953E0
3.580655635E0,2.496831417E0,-1.823707819E0,-4.620351791E-1,3.126268357E0
3.585655635E0,2.073545933E0,-1.976769328E0,-2.382535934E-1,2.874712940E0
3.590655635E0,1.436597824E0,-1.859475374E0,6.325721741E-3,2.349787648E0
3.595655635E0,1.097758889E0,-1.513307691E0,3.126096725E-1,1.895494540E0
3.600655635E0,8.328169584E-1,-1.098386765E0,5.179567337E-1,1.472520543E0
3.605655635E0,6.400959492E-1,-6.872935295E-1,4.474534988E-1,1.040341220E0
3.610655635E0,4.941300750E-1,-4.230371714E-1,1.027650833E-1,6.585481317E-1
3.615655635E0,4.280560315E-1,-3.010196388E-1,-1.442966461E-1,5.428317521E-1
3.620655635E0,5.560863018E-1,-1.849850118E-1,-7.105159760E-2,5.903386818E-1
3.625655635E0,7.326929569E-1,-2.018749118E-1,1.768245697E-1,7.802944172E-1
3.630655635E0,1.173089623E0,-3.594165742E-1,3.952627182E-1,1.289012085E0
3.635655635E0,1.922260284E0,-4.966568947E-1,6.030750275E-1,2.074958352E0
3.640655635E0,2.720351458E0,-5.629315376E-1,7.857322693E-1,2.886967123E0
3.645655635E0,3.365090609E0,-5.943692923E-1,7.048807144E-1,3.489121162E0
3.650655635E0,3.636076927E0,-6.613572240E-1,3.508081436E-1,3.712346314E0
3.655655635E0,3.646719933E0,-8.220224977E-1,-1.349735260E-1,3.740655705E0
3.660655635E0,3.569168329E0,-1.115495563E0,-2.559490204E-1,3.748173264E0
3.665655635E0,3.329107523E0,-1.462754250E0,5.457782745E-2,3.636699827E0
3.670655635E0,2.808316231E0,-1.904113531E0,3.418388367E-1,3.410152809E0
3.675655635E0,2.253238201E0,-2.413817167E0,3.480863571E-1,3.320355376E0
3.680655635E0,1.809646606E0,-2.892707348E0,2.179107666E-1,3.419073229E0
3.685655635E0,1.575038791E0,-3.458161116E0,1.948461533E-1,3.804942906E0
3.690655635E0,1.654425740E0,-4.134957314E0,2.362422943E-1,4.459911091E0
3.695655635E0,1.733236551E0,-4.875113010E0,2.793550491E-1,5.181590012E0
3.700655635E0,1.475285530E0,-5.449318886E0,3.648939133E-1,5.657268889E0
3.705655635E0,6.348024607E-1,-5.936300755E0,4.404449463E-2,5.970308261E0
3.710655635E0,-5.161557794E-1,-6.127889156E0,-4.857177734E-1,6.168740881E0
3.715655635E0,-1.646644115E0,-6.122658730E0,-6.350126266E-1,6.371940662E0
3.720655635E0,-2.398369789E0,-5.952582359E0,-4.040765762E-1,6.430294882E0
3.725655635E0,-2.543431044E0,-5.620234966E0,-1.050949097E-3,6.168961311E0
3.730655635E0,-2.575809479E0,-5.217800140E0,3.491764069E-1,5.829421664E0
3.735655635E0,-2.522110939E0,-4.818411350E0,5.444507599E-1,5.465762358E0
3.740655635E0,-2.412177324E0,-4.381011963E0,5.030794144E-1,5.026425585E0
3.745655635E0,-2.453403234E0,-3.998618841E0,4.625186920E-1,4.714028384E0
3.750655635E0,-2.378636599E0,-3.744344711E0,4.065818787E-1,4.454586200E0
3.755655635E0,-2.120291233E0,-3.595353842E0,2.473220825E-1,4.181312279E0
3.760655635E0,-1.921657681E0,-3.452121973E0,1.265621185E-2,3.950958686E0
3.765655635E0,-1.712030888E0,-3.339084387E0,4.136943817E-2,3.752631841E0
3.770655635E0,-1.548098564E0,-3.307903767E0,2.751789093E-1,3.662589238E0
3.775655635E0,-1.401886940E0,-3.359487534E0,2.451944351E-1,3.648501582E0
3.780655635E0,-1.103399158E0,-3.418353796E0,6.937408447E-2,3.592693299E0
3.785655635E0,-5.943182111E-1,-3.438015699E0,1.758050919E-1,3.493432913E0
3.790655635E0,-3.221871853E-1,-3.408001661E0,3.990364075E-1,3.446376352E0
3.795655635E0,-1.712817848E-1,-3.340272903E0,3.645153046E-1,3.364466069E0
3.800655635E0,-8.226380497E-2,-3.300525427E0,1.180677414E-1,3.303660912E0
3.805655635E0,-1.447537541E-2,-3.367784262E0,-1.941013336E-2,3.367871304E0
3.810655635E0,3.705312610E-1,-3.334715128E0,-5.389595032E-2,3.355670302E0
3.815655635E0,8.386293650E-1,-3.347295046E0,1.030740738E-1,3.452290196E0
3.820655635E0,1.141222119E0,-3.447262764E0,3.181838989E-1,3.645167964E0
3.825655635E0,1.167832494E0,-3.644261360E0,2.107582092E-1,3.832609114E0
3.830655635E0,1.048985243E0,-3.739058495E0,9.891510010E-3,3.883429709E0
3.835655635E0,8.553895354E-1,-3.770449638E0,-9.486103058E-2,3.867425545E0
3.840655635E0,7.952334881E-1,-3.729202747E0,-7.768726349E-2,3.813841206E0
3.845655635E0,8.609238267E-1,-3.686551332E0,3.890419006E-2,3.785942960E0
3.850655635E0,9.315381050E-1,-3.752337217E0,2.140626907E-1,3.872159691E0
3.855655635E0,7.863258719E-1,-3.995631933E0,3.048734665E-1,4.083666337E0
3.860655635E0,3.565847576E-1,-4.172250271E0,3.045206070E-1,4.198518526E0
3.865655635E0,-1.833364218E-1,-4.341296196E0,1.422281265E-1,4.347492811E0
3.870655635E0,-7.084344625E-1,-4.445852280E0,2.224912643E-1,4.507436549E0
3.875655635E0,-9.412577152E-1,-4.426987171E0,3.586454391E-1,4.540133043E0
3.880655635E0,-8.654757142E-1,-4.365809441E0,3.471298218E-1,4.464284870E0
3.885655635E0,-6.283260584E-1,-4.360062599E0,9.262371063E-2,4.406077468E0
3.890655635E0,-3.647184968E-1,-4.402169704E0,-3.922080994E-2,4.417426396E0
3.895655635E0,-8.182594180E-2,-4.468503952E0,1.077156067E-1,4.470550940E0
3.900655635E0,3.203742206E-1,-4.640337944E0,2.422256470E-1,4.657687102E0
3.905655635E0,5.335716009E-1,-4.637879848E0,3.371629715E-1,4.680631048E0
3.910655635E0,6.563211679E-1,-4.481631279E0,2.013397217E-1,4.533907154E0
3.915655635E0,5.610167980E-1,-4.290118217E0,-9.590339661E-2,4.327707433E0
3.920655635E0,4.570073783E-1,-4.231552601E0,-2.163743973E-1,4.261655903E0
3.925655635E0,3.050881326E-1,-4.321078777E0,-2.374992371E-1,4.338341441E0
3.930655635E0,9.050309658E-2,-4.411956787E0,-2.242174149E-1,4.418577480E0
3.935655635E0,-3.685688972E-1,-4.653161049E0,-1.220159531E-1,4.669329574E0
3.940655635E0,-8.877648711E-1,-4.786210537E0,-7.863235474E-2,4.868482394E0
3.945655635E0,-1.252631783E0,-4.907181740E0,3.209114075E-3,5.064536436E0
3.950655635E0,-1.579425097E0,-4.801017284E0,8.706188202E-2,5.054891727E0
3.955655635E0,-2.125833750E0,-4.547244549E0,2.182006836E-2,5.019669136E0
3.960655635E0,-2.907999992E0,-4.223268986E0,-9.007263184E-2,5.128408911E0
3.965655635E0,-3.942512274E0,-3.840586662E0,-9.239101410E-2,5.504729334E0
3.970655635E0,-5.048572063E0,-3.518809795E0,1.247987747E-1,6.155134198E0
3.975655635E0,-5.527200699E0,-4.033539772E0,9.426870346E-1,6.907101382E0
3.980655635E0,-5.816932678E0,-4.720332623E0,1.774144173E0,7.698430580E0
3.985655635E0,-6.699034691E0,-4.438036919E0,1.048958778E0,8.103922013E0
3.990655635E0,-7.941436291E0,-3.750492811E0,-4.937601089E-1,8.796385947E0
3.995655635E0,-8.605448723E0,-3.129410267E0,-1.711277008E0,9.315332809E0
4.000655635E0,-8.291491508E0,-2.649933338E0,-1.846982002E0,8.898444844E0
4.005655635E0,-7.522542477E0,-2.213868141E0,-5.836210251E-1,7.863235400E0
4.010655635E0,-6.198950768E0,-2.059719086E0,2.430763245E-1,6.536705549E0
4.015655635E0,-5.311283112E0,-1.863482237E0,5.094442368E-1,5.651710163E0
4.020655635E0,-4.772406101E0,-1.445866942E0,1.515464783E-1,4.988923486E0
4.025655635E0,-4.388235092E0,-8.991382122E-1,8.400917053E-3,4.479411493E0
4.030655635E0,-4.217034817E0,-4.029029906E-1,1.886796951E-1,4.240437889E0
4.035655635E0,-3.975785255E0,-8.386531472E-2,4.228019714E-1,3.999082807E0
4.040655635E0,-3.742917299E0,8.678565919E-2,5.924301147E-1,3.790505916E0
4.045655635E0,-3.626195669E0,1.623435318E-1,5.107564926E-1,3.665586263E0
4.050655635E0,-3.578460693E0,2.191762626E-1,2.307500839E-1,3.592584692E0
4.055655635E0,-3.493849754E0,2.567184567E-1,-3.731918335E-2,3.503467310E0
4.060655635E0,-3.379482508E0,3.128441870E-1,-7.987976074E-2,3.394871762E0
4.065655635E0,-3.173205614E0,3.388102651E-1,1.347837448E-1,3.194087181E0
4.070655635E0,-2.905522585E0,3.514103889E-1,5.221414566E-1,2.972908080E0
4.075655635E0,-2.722562551E0,3.367642462E-1,7.510433197E-1,2.844261428E0
4.080655635E0,-2.591573954E0,3.099948764E-1,6.480550766E-1,2.689298749E0
4.085655635E0,-2.483098269E0,2.748848498E-1,2.778396606E-1,2.513669344E0
4.090655635E0,-2.332268953E0,2.476608455E-1,-9.552192688E-2,2.347325884E0
4.095655635E0,-2.113915443E0,1.944600344E-1,-2.147073746E-1,2.133671124E0
4.100655635E0,-1.762324572E0,1.413041204E-1,-9.714126587E-2,1.770647106E0
4.105655635E0,-1.267024398E0,1.374393702E-1,1.603803635E-1,1.284508570E0
4.110655635E0,-3.891735375E-1,1.100515574E-1,3.510217667E-1,5.355218653E-1
4.115655635E0,2.732044756E-1,8.597001433E-2,4.605979919E-1,5.423855078E-1
4.120655635E0,3.089447916E-1,5.169241875E-2,4.254989624E-1,5.283638494E-1
4.125655635E0,6.850663573E-2,4.220244288E-2,3.200826645E-1,3.300410845E-1
4.130655635E0,-9.095363319E-2,8.129708469E-2,2.103443146E-1,2.431594334E-1
4.135655635E0,-4.287118092E-2,4.694115371E-2,1.062335968E-1,1.238022098E-1
4.140655635E0,1.264007576E-2,-1.291768253E-2,5.470466614E-2,5.761283307E-2
4.145655635E0,3.334331140E-2,1.579076797E-2,2.821922302E-2,4.644835106E-2
4.150655635E0,9.308710694E-3,6.509899348E-2,-2.022647858E-2,6.880146425E-2
4.155655635E0,-4.283497855E-2,2.230276912E-2,3.528594971E-3,4.842210116E-2
4.160655635E0,-1.332264394E-3,4.538454488E-2,9.350872040E-2,1.039490867E-1
4.165655635E0,8.972359449E-2,7.366884500E-2,2.519474030E-1,2.774074909E-1
4.170655635E0,-5.397740752E-3,7.583133876E-2,5.706110001E-1,5.756530560E-1
4.175655635E0,-1.612389684E-1,1.325386465E-1,6.658420563E-1,6.977894680E-1
4.180655635E0,-8.305570483E-2,1.003677398E-1,4.183235168E-1,4.381398156E-1
4.185655635E0,2.161175758E-2,-3.571945429E-2,3.608989716E-2,5.518539804E-2
4.190655635E0,4.383869469E-2,-6.448876858E-2,-2.316522598E-1,2.444246344E-1
4.195655635E0,-1.859798282E-2,-3.685016185E-2,-2.885303497E-1,2.914679778E-1
4.200655635E0,-1.662597433E-2,-3.942541033E-2,-1.182518005E-1,1.257548183E-1
4.205655635E0,7.870301604E-2,-3.684012592E-2,1.209783554E-1,1.489534225E-1
4.210655635E0,1.575850099E-1,-4.562827200E-2,2.712593079E-1,3.170119661E-1
4.215655635E0,1.463341415E-1,-3.782684356E-2,2.620038986E-1,3.024741211E-1
4.220655635E0,3.261552379E-2,-3.308977932E-2,1.385288239E-1,1.461127678E-1
4.225655635E0,-4.305946082E-2,-1.067135483E-2,3.495025635E-2,5.647579480E-2
4.230655635E0,-5.439177901E-2,1.945281029E-2,-2.736186981E-2,6.391830232E-2
4.235655635E0,-1.401065290E-2,3.054233640E-2,4.644393921E-3,3.392201501E-2
4.240655635E0,5.722270161E-2,3.636506200E-2,7.270145416E-2,9.941004351E-2
4.245655635E0,1.009651423E-1,9.388042241E-2,1.629018784E-1,2.134116108E-1
4.250655635E0,8.383963257E-2,1.420141160E-1,2.106189728E-1,2.675022333E-1
4.255655635E0,5.186647177E-3,1.721284986E-1,2.097377777E-1,2.713762273E-1
4.260655635E0,-1.587346941E-2,2.162459791E-1,1.886911392E-1,2.874345778E-1
4.265655635E0,1.785030961E-2,2.562204301E-1,1.195306778E-1,2.832933556E-1
4.270655635E0,6.481361389E-2,2.287538350E-1,1.017742157E-1,2.586254290E-1
4.275655635E0,1.996320039E-1,2.380348444E-1,1.421794891E-1,3.416555740E-1
4.280655635E0,5.404354334E-1,3.216347694E-1,2.060079575E-1,6.617844522E-1
4.285655635E0,9.460482597E-1,3.854802251E-1,2.248468399E-1,1.046020275E0
4.290655635E0,1.451592803E0,3.984553516E-1,1.029033661E-1,1.508799999E0
4.295655635E0,1.808995605E0,3.593024909E-1,2.083396912E-2,1.844450442E0
4.300655635E0,1.979226470E0,2.532284856E-1,3.255939484E-2,1.995625766E0
4.305655635E0,1.924975395E0,5.386247113E-2,1.410713196E-1,1.930889058E0
4.310655635E0,1.530112743E0,-2.190979272E-1,2.875375748E-1,1.572236231E0
4.315655635E0,5.679231286E-1,-6.590509415E-1,3.413295746E-1,9.345537448E-1
4.320655635E0,-1.326485872E0,-1.223675251E0,-3.970623016E-2,1.805137799E0
4.325655635E0,-4.129777908E0,-1.539817572E0,-3.592224121E-1,4.422119906E0
4.330655635E0,-6.374721050E0,-1.375253797E0,-4.864940643E-1,6.539500589E0
4.335655635E0,-6.581544876E0,-1.053058386E0,-5.338783264E-1,6.686605341E0
4.340655635E0,-4.978103161E0,-9.065668583E-1,-5.134191513E-1,5.085958491E0
4.345655635E0,-3.131881475E0,-1.054371476E0,-4.510650635E-1,3.335242192E0
4.350655635E0,-2.091735601E0,-1.459840059E0,-3.980798721E-1,2.581658074E0
4.355655635E0,-1.981701851E0,-1.943744302E0,-4.030370712E-1,2.804946170E0
4.360655635E0,-2.227912903E0,-2.318012953E0,-5.193634033E-1,3.256765005E0
4.365655635E0,-2.360739470E0,-2.438498497E0,-6.841659546E-1,3.462289534E0
4.370655635E0,-2.410134077E0,-2.285905600E0,-1.023187637E0,3.475776693E0
4.375655635E0,-2.552003622E0,-1.866072297E0,-1.424055099E0,3.467402664E0
4.380655635E0,-2.951428175E0,-1.221769452E0,-1.718053818E0,3.627031539E0
4.385655635E0,-4.116576672E0,-3.514204621E-1,-2.149435043E0,4.657227806E0
4.390655635E0,-5.051706314E0,4.973306060E-1,-2.449393272E0,5.636186815E0
4.395655635E0,-5.957051754E0,1.167956948E0,-2.765474319E0,6.670714898E0
4.400655635E0,-6.766918659E0,1.656883955E0,-3.188339233E0,7.661720410E0
4.405655635E0,-7.573943615E0,1.877931833E0,-3.351767540E0,8.492678935E0
4.410655635E0,-8.648943901E0,2.044602156E0,-3.587770462E0,9.584191435E0
4.415655635E0,-9.320872307E0,1.896222472E0,-3.666748047E0,1.019408463E1
4.420655635E0,-9.523378372E0,1.227824450E0,-3.165780067E0,1.011061086E1
4.425655635E0,-9.697170258E0,2.844267488E-1,-2.650697708E0,1.005694824E1
4.430655635E0,-9.003729820E0,-8.405985832E-1,-2.270902634E0,9.323666415E0
4.435655635E0,-5.625551224E0,-2.159330606E0,-1.015089989E0,6.110641777E0
4.440655635E0,-3.000374317E0,-3.368007183E0,-3.590984344E-1,4.524894487E0
4.445655635E0,-2.912620068E0,-4.322488785E0,9.941101074E-3,5.212232130E0
4.450655635E0,-3.743363857E0,-4.525918961E0,3.271169662E-1,5.882492747E0
4.455655635E0,-3.165137291E0,-4.293659687E0,7.746515274E-1,5.390147732E0
4.460655635E0,-1.825291753E0,-3.657526255E0,8.071260452E-1,4.166610222E0
4.465655635E0,1.323407292E-1,-2.841650724E0,-3.802204132E-2,2.844984813E0
4.470655635E0,1.734188914E0,-2.216404438E0,-1.231666565E0,3.071947648E0
4.475655635E0,2.916027308E0,-1.841035604E0,-2.266151428E0,4.126508167E0
4.480655635E0,3.592352390E0,-1.569865942E0,-3.153692245E0,5.031426195E0
4.485655635E0,3.863640785E0,-1.316568732E0,-3.721406937E0,5.523580626E0
4.490655635E0,3.817510605E0,-1.080645561E0,-4.117938042E0,5.718268598E0
4.495655635E0,3.422406673E0,-7.615430951E-1,-4.529180527E0,5.727677677E0
4.500655635E0,2.704298973E0,-4.280336201E-1,-4.842612267E0,5.563033280E0
4.505655635E0,1.724783421E0,-1.740558147E-1,-5.073210716E0,5.361216303E0
4.510655635E0,5.648605824E-1,-6.250900030E-2,-5.252824783E0,5.283478310E0
4.515655635E0,-7.703219652E-1,-5.099448562E-2,-5.368241310E0,5.423468552E0
4.520655635E0,-2.193366051E0,-9.514534473E-2,-5.295886040E0,5.732915159E0
4.525655635E0,-3.601703644E0,-2.069400549E-1,-5.077521324E0,6.228668888E0
4.530655635E0,-4.738112450E0,-2.655253410E-1,-4.915772438E0,6.832644580E0
4.535655635E0,-5.470176697E0,-1.643943191E-1,-5.020110130E0,7.426396455E0
4.540655635E0,-6.057113647E0,-6.330996752E-2,-5.429139137E0,8.134382931E0
4.545655635E0,-6.401462555E0,-3.040611744E-3,-5.813451767E0,8.647251213E0
4.550655635E0,-6.622323990E0,4.711282253E-2,-6.022100449E0,8.951150119E0
4.555655635E0,-6.685279369E0,1.145637631E-1,-6.086606026E0,9.041728707E0
4.560655635E0,-6.605093956E0,1.336899996E-1,-6.246272087E0,9.091812480E0
4.565655635E0,-6.294534683E0,1.823181510E-1,-6.621535301E0,9.137786194E0
4.570655635E0,-6.018527985E0,2.066079378E-1,-7.128294945E0,9.331556931E0
4.575655635E0,-5.783427715E0,1.597350836E-1,-7.627931595E0,9.573865042E0
4.580655635E0,-5.526595116E0,-4.532229900E-2,-7.881761551E0,9.626394591E0
4.585655635E0,-5.358503819E0,-4.543296099E-1,-7.822176933E0,9.492440705E0
4.590655635E0,-5.211758137E0,-9.620206356E-1,-7.771512032E0,9.406609689E0
4.595655635E0,-4.936511040E0,-1.370759368E0,-7.989528656E0,9.491084798E0
4.600655635E0,-4.583745480E0,-1.670148373E0,-8.348698616E0,9.669585658E0
4.605655635E0,-4.141091347E0,-1.847153306E0,-8.603551865E0,9.725313237E0
4.610655635E0,-3.588904381E0,-1.859712958E0,-8.697758675E0,9.591129908E0
4.615655635E0,-3.082386017E0,-1.791572571E0,-8.654495239E0,9.360081393E0
4.620655635E0,-2.583076477E0,-1.682265520E0,-8.527920723E0,9.067950883E0
4.625655635E0,-2.018899918E0,-1.545904636E0,-8.344923973E0,8.723733956E0
4.630655635E0,-1.321056366E0,-1.442873955E0,-8.062780380E0,8.296716376E0
4.635655635E0,-4.793863297E-1,-1.346832752E0,-7.667662621E0,7.799796137E0
4.640655635E0,3.401069641E-1,-1.218375444E0,-7.331172943E0,7.439503222E0
4.645655635E0,1.015327692E0,-9.602753520E-1,-7.169089317E0,7.304030443E0
4.650655635E0,1.629739523E0,-7.138358951E-1,-6.995102882E0,7.217830487E0
4.655655635E0,2.194168568E0,-7.119186521E-1,-6.650290489E0,7.039003300E0
4.660655635E0,2.535231113E0,-9.798039794E-1,-6.363806725E0,6.919931262E0
4.665655635E0,2.770067692E0,-1.316976428E0,-6.160143852E0,6.881502322E0
4.670655635E0,2.963568687E0,-1.604367375E0,-5.781536102E0,6.692002222E0
4.675655635E0,3.030023098E0,-1.840401173E0,-5.160633087E0,6.261010327E0
4.680655635E0,3.019980431E0,-1.982083321E0,-4.525743484E0,5.790620880E0
4.685655635E0,3.069808245E0,-1.943477869E0,-4.006191254E0,5.408363639E0
4.690655635E0,3.169366837E0,-1.811200738E0,-3.575776100E0,5.109942170E0
4.695655635E0,3.140769482E0,-1.636700630E0,-3.172692299E0,4.754913071E0
4.700655635E0,2.944765568E0,-1.502579451E0,-2.752546310E0,4.301848492E0
4.705655635E0,2.550791740E0,-1.465273380E0,-2.369522095E0,3.777327036E0
4.710655635E0,1.993985653E0,-1.478359818E0,-1.981357574E0,3.176051696E0
4.715655635E0,1.391726494E0,-1.583517075E0,-1.588253021E0,2.639503101E0
4.720655635E0,9.023351669E-1,-1.712056398E0,-1.336455345E0,2.351905346E0
4.725655635E0,4.988923073E-1,-1.796469450E0,-1.043332577E0,2.136524955E0
4.730655635E0,1.204586029E-1,-1.855820656E0,-7.369794846E-1,2.000429789E0
4.735655635E0,-2.798447609E-1,-2.093323231E0,-3.490524292E-1,2.140596374E0
4.740655635E0,-7.934608459E-1,-2.504037857E0,1.026620865E-1,2.628749742E0
4.745655635E0,-1.215833187E0,-2.952352524E0,2.621421814E-1,3.203647029E0
4.750655635E0,-1.153981209E0,-3.279865026E0,1.908426285E-1,3.482184391E0
4.755655635E0,-5.319113731E-1,-3.334714651E0,-1.075077057E-2,3.376887190E0
4.760655635E0,2.125806808E-1,-2.989809513E0,-1.893639565E-1,3.003333178E0
4.765655635E0,4.350938797E-1,-2.319659710E0,-3.572726250E-1,2.387000541E0
4.770655635E0,2.289237976E-1,-1.507671118E0,-7.173347473E-1,1.685244031E0
4.775655635E0,1.159267426E-1,-9.056710005E-1,-1.373160839E0,1.649014755E0
4.780655635E0,3.993525505E-1,-7.318511009E-1,-2.048883438E0,2.212015334E0
4.785655635E0,8.106884956E-1,-9.783562422E-1,-2.512105465E0,2.815150199E0
4.790655635E0,1.356396198E0,-1.355667591E0,-2.810465813E0,3.402405524E0
4.795655635E0,2.191815853E0,-1.702298641E0,-3.043877125E0,4.119109776E0
4.800655635E0,2.752743244E0,-2.120566845E0,-3.309129238E0,4.798409677E0
4.805655635E0,3.203698635E0,-2.437262297E0,-3.581255436E0,5.387886686E0
4.810655635E0,3.563546181E0,-2.673011303E0,-3.775708199E0,5.839505391E0
4.815655635E0,3.939356804E0,-2.893542290E0,-3.812902927E0,6.199140888E0
4.820655635E0,4.138066769E0,-3.182334900E0,-3.860748768E0,6.492783151E0
4.825655635E0,4.457902908E0,-3.401463985E0,-4.070620060E0,6.929127164E0
4.830655635E0,4.887486458E0,-3.484783411E0,-4.284323692E0,7.374731778E0
4.835655635E0,5.320459843E0,-3.395959377E0,-4.452452660E0,7.724258393E0
4.840655635E0,5.648504257E0,-3.192668438E0,-4.589128017E0,7.947252862E0
4.845655635E0,5.706062794E0,-2.983731031E0,-4.717831135E0,7.982464162E0
4.850655635E0,5.497014046E0,-2.755069971E0,-4.780136585E0,7.788278355E0
4.855655635E0,5.225736141E0,-2.572362661E0,-4.742748737E0,7.511260444E0
4.860655635E0,4.984808922E0,-2.490500689E0,-4.548696995E0,7.193160503E0
4.865655635E0,4.698826790E0,-2.471298933E0,-4.387599468E0,6.887475641E0
4.870655635E0,4.324238300E0,-2.496723175E0,-4.254457951E0,6.559960057E0
4.875655635E0,3.982989788E0,-2.573839426E0,-4.067507267E0,6.247677361E0
4.880655635E0,3.797397614E0,-2.718573570E0,-3.913260460E0,6.092985994E0
4.885655635E0,3.817863464E0,-2.916808844E0,-3.680430889E0,6.052224946E0
4.890655635E0,3.917458057E0,-3.094328880E0,-3.428058147E0,6.055817989E0
4.895655635E0,3.938036919E0,-3.278108835E0,-3.129884243E0,6.004190843E0
4.900655635E0,3.936460018E0,-3.461850166E0,-2.787285805E0,5.937094088E0
4.905655635E0,4.082166195E0,-3.678191662E0,-2.344041824E0,5.973918883E0
4.910655635E0,4.197715759E0,-3.881816149E0,-1.745154381E0,5.977865674E0
4.915655635E0,4.146447182E0,-4.017146111E0,-1.130385399E0,5.882878399E0
4.920655635E0,3.863202572E0,-4.059161186E0,-6.393995285E-1,5.640031507E0
4.925655635E0,3.518090248E0,-4.013652325E0,-2.224864960E-1,5.341897062E0
4.930655635E0,3.255913734E0,-3.926000595E0,1.086497307E-1,5.101593837E0
4.935655635E0,3.089235783E0,-3.828769207E0,4.046092033E-1,4.936249585E0
4.940655635E0,2.992402077E0,-3.618714809E0,6.062984467E-1,4.734676849E0
4.945655635E0,2.756000519E0,-3.344306469E0,6.376132965E-1,4.380236904E0
4.950655635E0,2.351641178E0,-3.040227652E0,5.623149872E-1,3.884507504E0
4.955655635E0,2.089652061E0,-2.764842272E0,3.446679115E-1,3.482785451E0
4.960655635E0,2.031933784E0,-2.656218052E0,9.833765030E-2,3.345731540E0
4.965655635E0,2.134445190E0,-2.750816345E0,-2.008399963E-1,3.487575596E0
4.970655635E0,2.291686058E0,-2.879029274E0,-4.789261818E-1,3.710795715E0
4.975655635E0,2.585021973E0,-2.885771036E0,-7.274827957E-1,3.941984816E0
4.980655635E0,2.631429195E0,-2.777996540E0,-9.376730919E-1,3.939659276E0
4.985655635E0,2.426960468E0,-2.663053989E0,-1.191931248E0,3.795088110E0
4.990655635E0,2.158557892E0,-2.643308163E0,-1.324431419E0,3.660678735E0
4.995655635E0,1.817143440E0,-2.819681644E0,-1.419759750E0,3.642572251E0
5.000655635E0,1.425904274E0,-3.141900778E0,-1.577619076E0,3.793893178E0
5.005655635E0,1.215433121E0,-3.444219828E0,-2.028957367E0,4.178109128E0
5.010655635E0,1.584319592E0,-3.617008209E0,-2.475494862E0,4.660567751E0
5.015655635E0,2.242012024E0,-3.656215668E0,-2.541172504E0,4.985186919E0
5.020655635E0,2.684694767E0,-3.660976410E0,-2.423335552E0,5.146152880E0
5.025655635E0,2.698596954E0,-3.618718624E0,-2.366881371E0,5.097026332E0
5.030655635E0,2.377537727E0,-3.615195274E0,-2.420519829E0,4.957947031E0
5.035655635E0,1.886800766E0,-3.693690300E0,-2.468292475E0,4.826575691E0
5.040655635E0,1.599491119E0,-3.852065325E0,-2.067249537E0,4.655136921E0
5.045655635E0,1.430499077E0,-3.982025862E0,-1.582398176E0,4.517393226E0
5.050655635E0,1.152920723E0,-3.998385906E0,-1.328284502E0,4.368140997E0
5.055655635E0,8.461513519E-1,-3.949528217E0,-1.080611706E0,4.181204002E0
5.060655635E0,6.959543228E-1,-3.970570564E0,-7.450435162E-1,4.099374692E0
5.065655635E0,7.081975937E-1,-4.053650856E0,-3.933997154E-1,4.133810885E0
5.070655635E0,8.298368454E-1,-4.144613266E0,-1.721620560E-1,4.230376826E0
5.075655635E0,1.015436172E0,-4.210849762E0,-2.648591995E-3,4.331555535E0
5.080655635E0,1.255335808E0,-4.263406754E0,9.895110130E-2,4.445480453E0
5.085655635E0,1.430025101E0,-4.272563934E0,6.862068176E-2,4.506049618E0
5.090655635E0,1.557918549E0,-4.272810936E0,-6.601643562E-2,4.548448270E0
5.095655635E0,1.734926224E0,-4.297740459E0,-1.785845757E-1,4.638149902E0
5.100655635E0,1.855565071E0,-4.403942108E0,-3.073861599E-1,4.788769579E0
5.105655635E0,1.534909248E0,-4.666172028E0,-3.926701546E-1,4.927808604E0
5.110655635E0,8.650074005E-1,-4.987267971E0,-4.838426113E-1,5.084799238E0
5.115655635E0,1.612939835E-1,-5.169733047E0,-6.325626373E-1,5.210786027E0
5.120655635E0,-1.431531906E-1,-5.234672546E0,-7.467777729E-1,5.289609300E0
5.125655635E0,-6.013584137E-2,-5.328558922E0,-7.815020084E-1,5.385898429E0
5.130655635E0,4.245338440E-1,-5.528244495E0,-8.079497814E-1,5.603079424E0
5.135655635E0,1.033740997E0,-5.838731766E0,-8.965878487E-1,5.996939124E0
5.140655635E0,1.682594299E0,-6.144894600E0,-1.005597353E0,6.449967384E0
5.145655635E0,2.209368229E0,-6.302042961E0,-1.015993834E0,6.754946108E0
5.150655635E0,2.686958313E0,-6.359766006E0,-9.288794994E-1,6.966289239E0
5.155655635E0,3.187257767E0,-6.478663921E0,-8.770499229E-1,7.273301509E0
5.160655635E0,3.421958923E0,-6.722550392E0,-9.074988365E-1,7.597765513E0
5.165655635E0,3.268800735E0,-7.091082573E0,-8.543174267E-1,7.854830907E0
5.170655635E0,2.763936996E0,-7.568619728E0,-6.371037960E-1,8.082651394E0
5.175655635E0,2.153599739E0,-8.145531654E0,-3.407967091E-1,8.432308116E0
5.180655635E0,1.988501072E0,-8.570442200E0,-9.200370312E-2,8.798584016E0
5.185655635E0,2.134215355E0,-8.829273224E0,4.098272324E-2,9.083645767E0
5.190655635E0,2.400068283E0,-9.144727707E0,3.450883627E-1,9.460732454E0
5.195655635E0,2.593517303E0,-9.490163803E0,8.640345335E-1,9.876036487E0
5.200655635E0,2.499822140E0,-9.843367577E0,1.573075533E0,1.027694325E1
5.205655635E0,2.302089691E0,-1.020766830E1,2.401540995E0,1.073608440E1
5.210655635E0,2.451878071E0,-1.045413399E1,3.159167290E0,1.119289781E1
5.215655635E0,3.029049873E0,-1.056396770E1,3.787513256E0,1.162401882E1
5.220655635E0,3.899316788E0,-1.055912971E1,4.094018459E0,1.197751556E1
5.225655635E0,4.779089451E0,-1.037971592E1,4.232577324E0,1.218576667E1
5.230655635E0,5.451675415E0,-1.001189613E1,4.416288853E0,1.222548307E1
5.235655635E0,5.902465343E0,-9.596791267E0,4.739187717E0,1.222282291E1
5.240655635E0,6.158011436E0,-9.333238602E0,5.039941788E0,1.226505038E1
5.245655635E0,6.237574577E0,-9.293468475E0,5.306220055E0,1.238676165E1
5.250655635E0,6.227441788E0,-9.344477654E0,5.543879032E0,1.252337369E1
5.255655635E0,6.172885895E0,-9.319122314E0,5.668111801E0,1.253307833E1
5.260655635E0,6.079398155E0,-9.173423767E0,5.687772274E0,1.238795944E1
5.265655635E0,5.819514275E0,-8.934057236E0,5.715548515E0,1.209758736E1
5.270655635E0,5.457435131E0,-8.749011993E0,5.750041008E0,1.180642963E1
5.275655635E0,5.301791191E0,-8.629434586E0,5.640544891E0,1.159275109E1
5.280655635E0,5.491249084E0,-8.531378746E0,5.366437435E0,1.147766921E1
5.285655635E0,5.809936523E0,-8.401180267E0,5.062760353E0,1.140029538E1
5.290655635E0,6.111580372E0,-8.190646172E0,4.799993038E0,1.129061701E1
5.295655635E0,6.329817772E0,-7.966929436E0,4.554335594E0,1.114811779E1
5.300655635E0,6.515907764E0,-7.764412880E0,4.283824921E0,1.100428632E1
5.305655635E0,6.774816990E0,-7.603257179E0,3.912626505E0,1.090945971E1
5.310655635E0,6.946297169E0,-7.416680336E0,3.467304945E0,1.073687083E1
5.315655635E0,6.928021431E0,-7.215965748E0,3.033659220E0,1.045326413E1
5.320655635E0,6.646353722E0,-6.940206528E0,2.764423370E0,9.999126012E0
5.325655635E0,6.229465961E0,-6.597553730E0,2.650128126E0,9.452890588E0
5.330655635E0,5.789558887E0,-6.342522621E0,2.603990078E0,8.973703229E0
5.335655635E0,5.407434940E0,-6.207277298E0,2.529529095E0,8.612151969E0
5.340655635E0,5.128572941E0,-6.209417820E0,2.318898201E0,8.380717090E0
5.345655635E0,4.759004116E0,-6.257994175E0,1.965589404E0,8.103959093E0
5.350655635E0,4.175217152E0,-6.253973007E0,1.670781851E0,7.702994783E0
5.355655635E0,3.587716341E0,-6.217179298E0,1.464291573E0,7.325924978E0
5.360655635E0,3.355052948E0,-6.144454956E0,1.379600525E0,7.135405006E0
5.365655635E0,3.451784134E0,-6.040485382E0,1.474392176E0,7.111688242E0
5.370655635E0,3.667135715E0,-5.946106911E0,1.687772274E0,7.186977598E0
5.375655635E0,3.697421074E0,-5.915480614E0,1.955719948E0,7.244906763E0
5.380655635E0,3.547197104E0,-5.961350441E0,2.226927042E0,7.285568641E0
5.385655635E0,3.406159401E0,-6.140972137E0,2.395801783E0,7.419792911E0
5.390655635E0,3.357818127E0,-6.404180527E0,2.464862108E0,7.639634546E0
5.395655635E0,3.356369972E0,-6.599779129E0,2.593214512E0,7.845193780E0
5.400655635E0,3.326639652E0,-6.749584675E0,2.878612757E0,8.056664078E0
5.405655635E0,3.364687443E0,-6.904999256E0,3.229230642E0,8.332350620E0
5.410655635E0,3.547545910E0,-7.080441475E0,3.530415535E0,8.670730495E0
5.415655635E0,3.848665476E0,-7.201178551E0,3.654422283E0,8.945613489E0
5.420655635E0,4.101111412E0,-7.242657661E0,3.726587772E0,9.119356405E0
5.425655635E0,4.327575684E0,-7.265507221E0,3.884520054E0,9.306180878E0
5.430655635E0,4.556952953E0,-7.242590427E0,4.157169342E0,9.513306116E0
5.435655635E0,4.780785561E0,-7.130082130E0,4.538334846E0,9.710327746E0
5.440655635E0,5.050368786E0,-6.995207310E0,4.940511703E0,9.942223397E0
5.445655635E0,5.361686707E0,-6.897031307E0,5.278506279E0,1.020682878E1
5.450655635E0,5.644518375E0,-6.818499565E0,5.522854805E0,1.043333356E1
5.455655635E0,5.963532448E0,-6.727764606E0,5.657705307E0,1.062243688E1
5.460655635E0,6.236386776E0,-6.641148567E0,5.651059151E0,1.072062703E1
5.465655635E0,6.359241009E0,-6.565058231E0,5.500422001E0,1.066745415E1
5.470655635E0,6.307874203E0,-6.516041756E0,5.293641090E0,1.050098629E1
5.475655635E0,6.225659370E0,-6.589115620E0,4.990128517E0,1.034778536E1
5.480655635E0,5.983132839E0,-6.745936394E0,4.677573681E0,1.015801319E1
5.485655635E0,5.548085213E0,-6.873973846E0,4.467045784E0,9.898851651E0
5.490655635E0,5.154578209E0,-6.941439152E0,4.337419510E0,9.672975861E0
5.495655635E0,4.800053120E0,-6.929239273E0,4.336123466E0,9.479284444E0
5.500655635E0,4.593134880E0,-6.879967690E0,4.503272057E0,9.418614689E0
5.505655635E0,4.419032574E0,-6.831285954E0,4.596282959E0,9.344524263E0
5.510655635E0,4.054671288E0,-6.741130829E0,4.903018475E0,9.269454907E0
5.515655635E0,3.851614952E0,-6.649605274E0,5.376984119E0,9.378920314E0
5.520655635E0,3.960863590E0,-6.533549309E0,5.820551872E0,9.604922230E0
5.525655635E0,4.201352596E0,-6.347788811E0,6.319618225E0,9.893602020E0
5.530655635E0,4.774540901E0,-6.207007408E0,6.768880367E0,1.035088997E1
5.535655635E0,5.383792877E0,-5.992412090E0,7.160839558E0,1.077830467E1
5.540655635E0,5.807617188E0,-5.739387035E0,7.366571903E0,1.099706154E1
5.545655635E0,6.070188999E0,-5.465456486E0,7.704483986E0,1.122842298E1
5.550655635E0,6.339953423E0,-5.330847263E0,7.987875938E0,1.150735000E1
5.555655635E0,6.824057579E0,-5.551409721E0,8.117383003E0,1.196987128E1
5.560655635E0,7.032543659E0,-5.736886024E0,8.363766670E0,1.234184445E1
5.565655635E0,7.150919437E0,-5.868623257E0,8.667160034E0,1.267659461E1
5.570655635E0,7.251512051E0,-5.899468422E0,8.919888496E0,1.292101256E1
5.575655635E0,7.452230453E0,-5.799123764E0,8.991599083E0,1.303895813E1
5.580655635E0,7.568867207E0,-5.564170837E0,8.861318588E0,1.291397363E1
5.585655635E0,7.404809952E0,-5.286630154E0,8.742481232E0,1.261787014E1
5.590655635E0,7.003199100E0,-4.995959282E0,8.778055191E0,1.229059233E1
5.595655635E0,6.649680614E0,-4.739176750E0,9.044010162E0,1.218491561E1
5.600655635E0,6.380574703E0,-4.584096909E0,9.320239067E0,1.218985374E1
5.605655635E0,6.114338875E0,-4.501239777E0,9.666488647E0,1.229175749E1
5.610655635E0,5.960869312E0,-4.397444725E0,9.943010330E0,1.239890872E1
5.615655635E0,6.154301167E0,-4.291029453E0,1.016295433E1,1.263226018E1
5.620655635E0,6.537137032E0,-4.086510181E0,1.028666782E1,1.285493139E1
5.625655635E0,6.740567684E0,-3.722123146E0,1.024934578E1,1.281945952E1
5.630655635E0,6.698191166E0,-3.341368198E0,1.007212162E1,1.254902946E1
5.635655635E0,6.454041004E0,-3.103457928E0,9.780179977E0,1.212179924E1
5.640655635E0,6.022085190E0,-3.056829929E0,9.431639671E0,1.160023906E1
5.645655635E0,5.615948200E0,-3.146172523E0,9.115906715E0,1.115961608E1
5.650655635E0,5.455068111E0,-3.255015373E0,8.895372391E0,1.093071558E1
5.655655635E0,5.477748394E0,-3.274096012E0,8.739241600E0,1.082126499E1
5.660655635E0,5.573688507E0,-3.095941067E0,8.691054344E0,1.077892760E1
5.665655635E0,5.694399357E0,-2.837023735E0,8.712084770E0,1.078773882E1
5.670655635E0,5.812120438E0,-2.648517132E0,8.723311424E0,1.081163952E1
5.675655635E0,5.849150658E0,-2.564840555E0,8.733463287E0,1.081962807E1
5.680655635E0,5.765854836E0,-2.555309057E0,8.772106171E0,1.080391286E1
5.685655635E0,5.700360298E0,-2.526158333E0,8.819207191E0,1.080064808E1
5.690655635E0,5.784001350E0,-2.550658226E0,8.912921906E0,1.092706300E1
5.695655635E0,6.013675690E0,-2.565267086E0,9.111984253E0,1.121486280E1
5.700655635E0,6.301409721E0,-2.576762676E0,9.311394691E0,1.153471029E1
5.705655635E0,6.633921623E0,-2.555041075E0,9.543186188E0,1.189998124E1
5.710655635E0,6.928637505E0,-2.454340458E0,9.757991791E0,1.221671840E1
5.715655635E0,7.020732880E0,-2.306241512E0,9.802035332E0,1.227555851E1
5.720655635E0,6.901384354E0,-2.276217937E0,9.523731232E0,1.197963817E1
5.725655635E0,6.703554153E0,-2.304998875E0,8.981044769E0,1.144158307E1
5.730655635E0,6.504531860E0,-2.415385723E0,8.255885124E0,1.078437120E1
5.735655635E0,6.489132881E0,-2.603276253E0,7.619673729E0,1.034143706E1
5.740655635E0,6.828527451E0,-2.757306814E0,7.137830734E0,1.025573769E1
5.745655635E0,7.491161346E0,-2.804712772E0,6.799794197E0,1.049862435E1
5.750655635E0,8.218901634E0,-2.752166748E0,6.578169823E0,1.088104242E1
5.755655635E0,8.474376678E0,-2.633355856E0,6.382675171E0,1.093106424E1
5.760655635E0,8.060310364E0,-2.629981518E0,6.142839432E0,1.046995140E1
5.765655635E0,7.422449112E0,-2.675210476E0,5.790523052E0,9.786708289E0
5.770655635E0,6.845632553E0,-2.746578932E0,5.471678734E0,9.183988733E0
5.775655635E0,6.331462860E0,-2.907423973E0,5.303526878E0,8.756022696E0
5.780655635E0,5.797727585E0,-3.122661591E0,5.365660667E0,8.494408452E0
5.785655635E0,5.270338058E0,-3.403867722E0,5.614472389E0,8.419327700E0
5.790655635E0,4.937399864E0,-3.739147663E0,5.911087036E0,8.561547326E0
5.795655635E0,4.891496658E0,-4.085993290E0,6.192439079E0,8.886415615E0
5.800655635E0,4.937149048E0,-4.369023323E0,6.378392220E0,9.173205155E0
5.805655635E0,4.874246597E0,-4.637384892E0,6.520864487E0,9.369380565E0
5.810655635E0,4.682505608E0,-5.064169407E0,6.593391418E0,9.541723164E0
5.815655635E0,4.618021011E0,-5.578937531E0,6.506458282E0,9.735741441E0
5.820655635E0,4.655911446E0,-6.055480003E0,6.403457165E0,9.967477771E0
5.825655635E0,4.658220291E0,-6.493336678E0,6.257976532E0,1.015010876E1
5.830655635E0,4.710742950E0,-6.993997097E0,6.020682335E0,1.036126007E1
5.835655635E0,4.799349785E0,-7.500706196E0,5.790258408E0,1.062174393E1
5.840655635E0,5.022250175E0,-7.842598915E0,5.558826923E0,1.084573240E1
5.845655635E0,5.610237122E0,-8.067473412E0,5.305400848E0,1.116719150E1
5.850655635E0,6.401971817E0,-8.242280960E0,5.111822128E0,1.162115158E1
5.855655635E0,6.868335724E0,-8.268322945E0,5.046960831E0,1.187480583E1
5.860655635E0,6.909627914E0,-8.090131760E0,5.057964325E0,1.178033076E1
5.865655635E0,6.701648712E0,-8.050825119E0,5.085586548E0,1.164435791E1
5.870655635E0,6.424617767E0,-8.276654243E0,5.068406582E0,1.163904911E1
5.875655635E0,6.027687073E0,-8.755712509E0,5.037487984E0,1.176315426E1
5.880655635E0,5.533142090E0,-9.381960869E0,4.912301064E0,1.194853769E1
5.885655635E0,5.185017586E0,-9.801571846E0,4.607393265E0,1.200763468E1
5.890655635E0,5.115846634E0,-1.011413765E1,4.023088932E0,1.202717389E1
5.895655635E0,5.521111488E0,-1.041208076E1,3.100154877E0,1.218626514E1
5.900655635E0,6.372921944E0,-1.048807240E1,1.993154526E0,1.243328041E1
5.905655635E0,7.390867233E0,-1.019162846E1,9.642367363E-1,1.262632019E1
5.910655635E0,8.374321938E0,-9.694885254E0,6.871128082E-2,1.281111975E1
5.915655635E0,9.164456367E0,-9.064657211E0,-6.635839939E-1,1.290719236E1
5.920655635E0,9.941519737E0,-8.405837059E0,-1.219834805E0,1.307592858E1
5.925655635E0,1.074769783E1,-7.827995777E0,-1.677509785E0,1.340166279E1
5.930655635E0,1.156780434E1,-7.286609173E0,-2.163442612E0,1.384157702E1
5.935655635E0,1.220893383E1,-6.678438187E0,-2.783496618E0,1.419180944E1
5.940655635E0,1.239496422E1,-5.927935123E0,-3.511876583E0,1.418128450E1
5.945655635E0,1.217632389E1,-5.252196789E0,-4.323582172E0,1.394782411E1
5.950655635E0,1.169119072E1,-4.922658920E0,-5.168513298E0,1.369781154E1
5.955655635E0,1.116276455E1,-4.879738331E0,-5.946793556E0,1.355667777E1
5.960655635E0,1.055105114E1,-4.750916004E0,-6.411334991E0,1.322879811E1
5.965655635E0,9.817641258E0,-4.550639153E0,-6.613831520E0,1.268215928E1
5.970655635E0,9.266946793E0,-4.286389828E0,-6.632384300E0,1.217530132E1
5.975655635E0,9.268963814E0,-4.016402721E0,-6.441408157E0,1.198068946E1
5.980655635E0,9.672469139E0,-3.816891193E0,-5.947434902E0,1.197903584E1
5.985655635E0,1.018045712E1,-3.711161613E0,-5.160473824E0,1.200187142E1
5.990655635E0,1.056492233E1,-3.704377890E0,-4.307452202E0,1.199558852E1
5.995655635E0,1.079646778E1,-3.819591999E0,-3.563437700E0,1.199379372E1
6.000655635E0,1.095178604E1,-3.824686050E0,-2.904201508E0,1.195843749E1
6.005655635E0,1.103472137E1,-3.749138355E0,-2.321494579E0,1.188320038E1
6.010655635E0,1.120031261E1,-3.752004385E0,-1.783567429E0,1.194594711E1
6.015655635E0,1.157688236E1,-3.842031717E0,-1.374917746E0,1.227500761E1
6.020655635E0,1.205867004E1,-3.889218330E0,-1.006665230E0,1.271026819E1
6.025655635E0,1.255541897E1,-3.887353420E0,-6.564226151E-1,1.315982343E1
6.030655635E0,1.314277744E1,-3.816365957E0,-2.703609467E-1,1.368832872E1
6.035655635E0,1.365719509E1,-3.734354019E0,1.258940697E-1,1.415910403E1
6.040655635E0,1.386055374E1,-3.812003136E0,3.534832001E-1,1.437954340E1
6.045655635E0,1.370041084E1,-4.017928600E0,4.255609512E-1,1.428377085E1
6.050655635E0,1.312004089E1,-4.246961594E0,1.736841202E-1,1.379138579E1
6.055655635E0,1.237632275E1,-4.575810432E0,-4.933023453E-1,1.320434599E1
6.060655635E0,1.167670441E1,-4.868559837E0,-1.267677307E0,1.271437401E1
6.065655635E0,1.081694984E1,-5.041808605E0,-1.869081974E0,1.207972290E1
6.070655635E0,9.561904907E0,-5.139916897E0,-2.427684546E0,1.112395718E1
6.075655635E0,7.931383610E0,-5.180416107E0,-3.088118553E0,9.963936632E0
6.080655635E0,6.518550873E0,-5.213524818E0,-3.830066204E0,9.183776655E0
6.085655635E0,5.630710602E0,-5.151207924E0,-4.394636631E0,8.806399723E0
6.090655635E0,5.228073120E0,-4.854701996E0,-4.522662163E0,8.447209779E0
6.095655635E0,4.912732124E0,-4.418960094E0,-4.345590591E0,7.908622056E0
6.100655635E0,4.470567703E0,-4.019152641E0,-4.000798225E0,7.221215271E0
6.105655635E0,4.119097710E0,-3.765932083E0,-3.660910606E0,6.674689271E0
6.110655635E0,3.976670265E0,-3.588562965E0,-3.432836056E0,6.362079372E0
6.115655635E0,3.866413593E0,-3.472217321E0,-3.337521553E0,6.176123163E0
6.120655635E0,4.016810894E0,-3.384093761E0,-3.286212444E0,6.195647874E0
6.125655635E0,4.203875542E0,-3.231734276E0,-3.227629185E0,6.207597454E0
6.130655635E0,4.193786621E0,-3.069622517E0,-3.263297081E0,6.136736629E0
6.135655635E0,3.961731434E0,-3.087105274E0,-3.424534321E0,6.078895479E0
6.140655635E0,3.599085331E0,-3.248981476E0,-3.640603065E0,6.063273582E0
6.145655635E0,3.347085953E0,-3.393800497E0,-3.858460426E0,6.132583717E0
6.150655635E0,3.216668606E0,-3.551201344E0,-4.161800861E0,6.346540342E0
6.155655635E0,3.078467607E0,-3.512789965E0,-4.435470104E0,6.441277140E0
6.160655635E0,2.796583652E0,-3.315157413E0,-4.663949966E0,6.368954238E0
6.165655635E0,2.572413445E0,-3.175041676E0,-4.903805733E0,6.383221071E0
6.170655635E0,2.411650419E0,-3.218710899E0,-5.142270565E0,6.528330886E0
6.175655635E0,2.290641308E0,-3.306111097E0,-5.286452293E0,6.642588806E0
6.180655635E0,2.292299509E0,-3.261433601E0,-5.140035629E0,6.504733080E0
6.185655635E0,2.377336264E0,-3.070498466E0,-4.724687576E0,6.115746989E0
6.190655635E0,2.462404013E0,-2.929759502E0,-4.372353077E0,5.810713871E0
6.195655635E0,2.515872955E0,-2.891885281E0,-4.216474056E0,5.698356840E0
6.200655635E0,2.638034344E0,-2.843778133E0,-4.204025745E0,5.720151374E0
6.205655635E0,2.784560204E0,-2.785651207E0,-4.265119553E0,5.805589804E0
6.210655635E0,2.793789864E0,-2.672212124E0,-4.442709923E0,5.889282715E0
6.215655635E0,2.831894398E0,-2.495206833E0,-4.547775745E0,5.909987077E0
6.220655635E0,2.926397800E0,-2.283192635E0,-4.531983852E0,5.857956156E0
6.225655635E0,3.092228889E0,-2.023694515E0,-4.489828110E0,5.815133313E0
6.230655635E0,3.280136347E0,-1.698484898E0,-4.259168625E0,5.637788820E0
6.235655635E0,3.470717430E0,-1.457044601E0,-3.712926388E0,5.287218627E0
6.240655635E0,3.589259386E0,-1.594553471E0,-3.097398758E0,5.001925907E0
6.245655635E0,3.520668745E0,-1.907183647E0,-2.574465275E0,4.760286685E0
6.250655635E0,3.442598104E0,-2.150346756E0,-2.127042770E0,4.582552108E0
6.255655635E0,3.574918270E0,-2.266414642E0,-1.842891216E0,4.616592250E0
6.260655635E0,3.935026169E0,-2.151290417E0,-1.686703682E0,4.791393400E0
6.265655635E0,4.379418373E0,-1.879329681E0,-1.722722530E0,5.067440997E0
6.270655635E0,4.763212204E0,-1.615072727E0,-1.828213692E0,5.351543302E0
6.275655635E0,5.116974354E0,-1.508801937E0,-1.832372665E0,5.640700259E0
6.280655635E0,5.364417076E0,-1.526932240E0,-1.717802048E0,5.836037740E0
6.285655635E0,5.275614262E0,-1.645861626E0,-1.798898220E0,5.811798442E0
6.290655635E0,4.790332317E0,-1.747864723E0,-2.173905849E0,5.543300591E0
6.295655635E0,4.184103489E0,-1.845184326E0,-2.837441444E0,5.381682000E0
6.300655635E0,3.780241489E0,-2.069006443E0,-3.559923172E0,5.589639199E0
6.305655635E0,3.532669544E0,-2.427418232E0,-4.103298187E0,5.933731490E0
6.310655635E0,3.350248098E0,-2.613903522E0,-4.197975636E0,5.973244795E0
6.315655635E0,3.117955923E0,-2.714144707E0,-3.931412220E0,5.704755268E0
6.320655635E0,2.913457394E0,-2.749568462E0,-3.209181786E0,5.132953190E0
6.325655635E0,2.732099771E0,-2.787056923E0,-2.183931351E0,4.472316133E0
6.330655635E0,2.705414295E0,-2.862187386E0,-1.241554737E0,4.129508603E0
6.335655635E0,2.681439638E0,-2.816929579E0,-5.626721382E-1,3.929606942E0
6.340655635E0,2.724701643E0,-2.688169241E0,-1.126098633E-1,3.829221056E0
6.345655635E0,2.905008316E0,-2.634389400E0,6.749057770E-2,3.922197829E0
6.350655635E0,3.001774788E0,-2.596322536E0,-1.021590233E-1,3.970135899E0
6.355655635E0,2.975759029E0,-2.465209484E0,-5.678548813E-1,3.905746890E0
6.360655635E0,2.859613657E0,-2.269673824E0,-9.410305023E-1,3.770192030E0
6.365655635E0,2.941521168E0,-2.051606178E0,-1.090246677E0,3.748369313E0
6.370655635E0,3.278926134E0,-1.883173704E0,-1.164064407E0,3.956355108E0
6.375655635E0,3.543506622E0,-1.882349014E0,-1.186891556E0,4.184302637E0
6.380655635E0,3.466056585E0,-2.179607868E0,-1.038355350E0,4.224028947E0
6.385655635E0,2.846584082E0,-2.652212381E0,-7.564420700E-1,3.963518141E0
6.390655635E0,2.016239166E0,-3.038769245E0,-2.360262871E-1,3.654455816E0
6.395655635E0,1.017733574E0,-3.220298290E0,6.775007248E-1,3.444576888E0
6.400655635E0,5.564975739E-2,-3.243762493E0,1.827097893E0,3.723355841E0
6.405655635E0,-5.336456299E-1,-3.278802395E0,2.946904659E0,4.440672232E0
6.410655635E0,-7.600808144E-1,-3.270307064E0,3.767660618E0,5.046572864E0
6.415655635E0,-7.883930206E-1,-3.213972330E0,4.200111389E0,5.347159748E0
6.420655635E0,-8.627395630E-1,-3.169701338E0,4.343321800E0,5.445711192E0
6.425655635E0,-8.134346008E-1,-3.144117355E0,4.201332569E0,5.310211404E0
6.430655635E0,-6.166424751E-1,-2.967211485E0,4.018879414E0,5.033486235E0
6.435655635E0,-4.158673286E-1,-2.614570618E0,3.732723713E0,4.576259550E0
6.440655635E0,-3.765249252E-1,-2.267771006E0,3.372323513E0,4.081313787E0
6.445655635E0,-5.640759468E-1,-1.981818199E0,2.755435467E0,3.440669943E0
6.450655635E0,-8.072786331E-1,-1.927882910E0,1.899751186E0,2.824444348E0
6.455655635E0,-9.281482697E-1,-2.155134439E0,1.148623466E0,2.612546560E0
6.460655635E0,-1.050420761E0,-2.462986708E0,7.486886978E-1,2.780327690E0
6.465655635E0,-1.297507763E0,-2.703450441E0,7.409915924E-1,3.088889643E0
6.470655635E0,-1.546315670E0,-2.781110525E0,7.748122215E-1,3.275057539E0
6.475655635E0,-1.844049931E0,-2.719187021E0,8.525633812E-1,3.394313262E0
6.480655635E0,-2.190494061E0,-2.601881742E0,1.052326679E0,3.560259017E0
6.485655635E0,-2.435492516E0,-2.521378517E0,1.377771378E0,3.766593605E0
6.490655635E0,-2.204028606E0,-2.566768885E0,1.795282364E0,3.830023939E0
6.495655635E0,-1.579878330E0,-2.624335051E0,2.501328468E0,3.954717955E0
6.500655635E0,-1.187260151E0,-2.736463308E0,3.233428001E0,4.399190237E0
6.505655635E0,-1.372396946E0,-2.816960812E0,3.631988525E0,4.796882554E0
6.510655635E0,-1.807860851E0,-2.848504543E0,3.702792168E0,5.009292248E0
6.515655635E0,-2.008265972E0,-2.803872585E0,3.658870697E0,5.028137674E0
6.520655635E0,-1.825888634E0,-2.654264927E0,3.719628334E0,4.920835960E0
6.525655635E0,-1.462748051E0,-2.453511477E0,3.729727745E0,4.697895218E0
6.530655635E0,-1.105655193E0,-2.250141144E0,3.489583015E0,4.296835835E0
6.535655635E0,-1.003746033E0,-2.094658136E0,3.101588249E0,3.874912705E0
6.540655635E0,-1.127592564E0,-1.949830651E0,2.630515099E0,3.463078723E0
6.545655635E0,-1.250164509E0,-1.801805496E0,2.127479553E0,3.055418727E0
6.550655635E0,-1.367059469E0,-1.651553273E0,1.664630890E0,2.714309453E0
6.555655635E0,-1.293102980E0,-1.480093479E0,1.285864830E0,2.348667789E0
6.560655635E0,-5.760369301E-1,-1.397527814E0,1.044424057E0,1.837314384E0
6.565655635E0,5.335566998E-1,-1.328761101E0,9.943656921E-1,1.743287683E0
6.570655635E0,1.495844960E0,-1.248037457E0,1.013600349E0,2.196027165E0
6.575655635E0,1.950471044E0,-1.151999950E0,9.218215942E-1,2.445648427E0
6.580655635E0,2.024222374E0,-1.022490978E0,6.789579391E-1,2.367265913E0
6.585655635E0,2.009342670E0,-9.761986732E-1,4.634389877E-1,2.281490196E0
6.590655635E0,1.876895905E0,-9.364893436E-1,2.138957977E-1,2.108435899E0
6.595655635E0,1.629242659E0,-8.986945152E-1,-1.488189697E-1,1.866609375E0
6.600655635E0,1.367836237E0,-8.780906200E-1,-6.558990479E-1,1.752775704E0
6.605655635E0,1.224442959E0,-8.260350227E-1,-1.369334221E0,2.014117828E0
6.610655635E0,1.260207415E0,-8.149797916E-1,-2.033511162E0,2.527346916E0
6.615655635E0,1.304995537E0,-7.223963737E-1,-2.463451385E0,2.879837252E0
6.620655635E0,1.239542365E0,-5.943470001E-1,-2.701127052E0,3.030808635E0
6.625655635E0,9.626221657E-1,-5.087840557E-1,-2.928714752E0,3.124559609E0
6.630655635E0,5.918239951E-1,-4.431512356E-1,-3.141979694E0,3.227797246E0
6.635655635E0,3.342909813E-1,-4.750325680E-1,-3.111529350E0,3.165283763E0
6.640655635E0,2.670473456E-1,-6.209058762E-1,-2.777704239E0,2.858754839E0
6.645655635E0,1.399098039E-1,-7.236554623E-1,-2.388640404E0,2.499770981E0
6.650655635E0,-9.557145834E-2,-7.591540813E-1,-2.071420670E0,2.208219286E0
6.655655635E0,-3.813660741E-1,-7.778871059E-1,-1.747360229E0,1.950337459E0
6.660655635E0,-5.575055480E-1,-7.632460594E-1,-1.372002602E0,1.666057659E0
6.665655635E0,-4.219722748E-1,-7.015650272E-1,-8.271560669E-1,1.163804643E0
6.670655635E0,8.323490620E-4,-6.312046051E-1,-2.079372406E-1,6.645734289E-1
6.675655635E0,4.303544164E-1,-5.824115276E-1,3.216180801E-1,7.923675288E-1
6.680655635E0,6.649191976E-1,-5.413453579E-1,7.157964706E-1,1.116931924E0
6.685655635E0,7.055411339E-1,-5.550346375E-1,9.870424271E-1,1.334205566E0
6.690655635E0,8.111206293E-1,-6.204869747E-1,1.170610428E0,1.553463722E0
6.695655635E0,1.139352322E0,-7.339296341E-1,1.269491196E0,1.856982584E0
6.700655635E0,1.390989065E0,-7.428910732E-1,1.302032471E0,2.045000313E0
6.705655635E0,1.240660310E0,-7.411807775E-1,1.468647003E0,2.060463775E0
6.710655635E0,8.576595187E-1,-7.788103819E-1,1.679217339E0,2.040072629E0
6.715655635E0,3.262759447E-1,-8.271540403E-1,1.832657814E0,2.036976795E0
6.720655635E0,-1.886186004E-1,-9.004878998E-1,1.908169746E0,2.118387881E0
6.725655635E0,-8.115924597E-1,-9.602276087E-1,1.831835747E0,2.221787925E0
6.730655635E0,-1.503942013E0,-8.791911602E-1,1.789297104E0,2.497279079E0
6.735655635E0,-2.012044668E0,-7.582254410E-1,1.776267052E0,2.788970098E0
6.740655635E0,-2.408355951E0,-6.675318480E-1,1.836796761E0,3.101547919E0
6.745655635E0,-2.685221434E0,-5.621216297E-1,2.092656136E0,3.450449909E0
6.750655635E0,-2.811530352E0,-5.610615015E-1,2.255021095E0,3.647548912E0
6.755655635E0,-2.610395908E0,-6.375907660E-1,2.185141563E0,3.463456718E0
6.760655635E0,-2.258128643E0,-6.590381861E-1,2.065491676E0,3.130452390E0
6.765655635E0,-2.112850904E0,-6.644051075E-1,2.025540352E0,3.001397476E0
6.770655635E0,-2.178945541E0,-7.135405540E-1,1.906575203E0,2.981941113E0
6.775655635E0,-2.327706337E0,-8.098330498E-1,1.835699081E0,3.073082732E0
6.780655635E0,-2.377126932E0,-9.543874264E-1,1.747612000E0,3.100924945E0
6.785655635E0,-2.203367472E0,-1.193193436E0,1.550362587E0,2.946551025E0
6.790655635E0,-1.916736603E0,-1.408371687E0,1.326687813E0,2.723507034E0
6.795655635E0,-1.662802815E0,-1.564576507E0,1.106388092E0,2.537106119E0
6.800655635E0,-1.499652267E0,-1.637141347E0,9.778127670E-1,2.425965069E0
6.805655635E0,-1.545389771E0,-1.591926098E0,1.020828247E0,2.442242526E0
6.810655635E0,-1.775946140E0,-1.528714657E0,1.163212776E0,2.616107253E0
6.815655635E0,-1.981506824E0,-1.484292746E0,1.317222595E0,2.804383999E0
6.820655635E0,-2.142326117E0,-1.515656471E0,1.393375397E0,2.971240604E0
6.825655635E0,-2.254096508E0,-1.593449593E0,1.397128105E0,3.093864834E0
6.830655635E0,-2.340162516E0,-1.622396231E0,1.341307640E0,3.147639801E0
6.835655635E0,-2.334437370E0,-1.538660288E0,1.267931938E0,3.069971452E0
6.840655635E0,-2.231096268E0,-1.366888762E0,1.198882103E0,2.878105929E0
6.845655635E0,-2.082881689E0,-1.222838640E0,1.118843079E0,2.661867823E0
6.850655635E0,-1.883277416E0,-1.149763107E0,1.045690536E0,2.441753003E0
6.855655635E0,-1.723370194E0,-1.131876707E0,1.101434708E0,2.337585960E0
6.860655635E0,-1.615377188E0,-1.194067001E0,1.277107239E0,2.380387019E0
6.865655635E0,-1.441198349E0,-1.417773724E0,1.219429970E0,2.360962614E0
6.870655635E0,-1.425104499E0,-1.600853682E0,1.008565903E0,2.368725506E0
6.875655635E0,-1.363175631E0,-1.631467581E0,8.902387619E-1,2.304877290E0
6.880655635E0,-7.295390964E-1,-1.691885948E0,8.410701752E-1,2.025365250E0
6.885655635E0,1.575427055E-1,-1.681308746E0,9.439678192E-1,1.934604365E0
6.890655635E0,7.930452824E-1,-1.516263962E0,1.238183022E0,2.112125568E0
6.895655635E0,1.042305827E0,-1.340769053E0,1.522313118E0,2.280679793E0
6.900655635E0,9.428038597E-1,-1.179730892E0,1.714373589E0,2.284670851E0
6.905655635E0,4.875404835E-1,-1.014064789E0,1.805771828E0,2.127636015E0
6.910655635E0,-1.754822731E-1,-9.136505127E-1,1.712412834E0,1.948822466E0
6.915655635E0,-7.192354202E-1,-8.449497223E-1,1.512457848E0,1.875838043E0
6.920655635E0,-1.103907108E0,-7.203226089E-1,1.191739082E0,1.776996794E0
6.925655635E0,-1.524666905E0,-5.157914162E-1,7.491512299E-1,1.775352788E0
6.930655635E0,-2.035209179E0,-2.881131172E-1,3.109378815E-1,2.078886225E0
6.935655635E0,-2.569316626E0,-5.777120590E-2,3.395557404E-2,2.570190346E0
6.940655635E0,-2.948737383E0,3.539514542E-2,-5.669879913E-2,2.949494825E0
6.945655635E0,-3.058986425E0,-6.175422668E-2,-1.786441803E-1,3.064820595E0
6.950655635E0,-3.145039082E0,-2.091627121E-1,-2.167034149E-1,3.159427200E0
6.955655635E0,-3.389239550E0,-2.307362556E-1,-1.781940460E-2,3.397131360E0
6.960655635E0,-3.809464931E0,-1.595087051E-1,4.326376915E-1,3.837270053E0
6.965655635E0,-4.163904190E0,-1.343994141E-1,8.441057205E-1,4.250726500E0
6.970655635E0,-4.280499935E0,-2.532501221E-1,1.153474331E0,4.440418713E0
6.975655635E0,-3.599278212E0,-5.919485092E-1,1.214245319E0,3.844424323E0
6.980655635E0,-1.815168500E0,-1.024314404E0,8.940119743E-1,2.267887583E0
6.985655635E0,-1.031465530E-1,-1.008238792E0,6.502251625E-1,1.204150089E0
6.990655635E0,5.775322914E-1,-4.835309982E-1,6.890873909E-1,1.020875706E0
6.995655635E0,3.131911755E-1,6.726360321E-2,7.448086739E-1,8.107731282E-1
7.000655635E0,-3.752081394E-1,2.860555649E-1,5.625324249E-1,7.342013778E-1
7.005655635E0,-1.127054691E0,2.221527100E-1,2.023029327E-1,1.166417841E0
7.010655635E0,-1.874272823E0,3.458833694E-2,-1.191864014E-1,1.878377057E0
7.015655635E0,-2.523689747E0,-6.309795380E-2,-3.943414688E-1,2.555092265E0
7.020655635E0,-3.091268301E0,-2.306842804E-2,-5.975947380E-1,3.148585608E0
7.025655635E0,-3.774266243E0,8.724451065E-2,-6.265683174E-1,3.826915878E0
7.030655635E0,-4.435552597E0,1.455550194E-1,-4.900941849E-1,4.464919419E0
7.035655635E0,-4.779530048E0,1.561031342E-1,-2.524404526E-1,4.788736979E0
7.040655635E0,-4.660384655E0,1.176743507E-1,-6.409692764E-2,4.662310672E0
7.045655635E0,-4.245054245E0,1.739835739E-2,8.490276337E-2,4.245938851E0
7.050655635E0,-3.689161301E0,-1.004872322E-1,1.513543129E-1,3.693631941E0
7.055655635E0,-3.231954098E0,-1.780381203E-1,1.171216965E-1,3.238972423E0
7.060655635E0,-2.987915993E0,-2.363123894E-1,-2.012872696E-2,2.997313913E0
7.065655635E0,-2.769857407E0,-2.404890060E-1,-2.155995369E-1,2.788624782E0
7.070655635E0,-2.462152004E0,-1.890668869E-1,-3.294582367E-1,2.491281098E0
7.075655635E0,-1.831261635E0,-2.418227196E-1,-5.091528893E-1,1.916046468E0
7.080655635E0,-8.680667877E-1,-4.092102051E-1,-9.366919994E-1,1.341038717E0
7.085655635E0,-2.580127716E-1,-4.931707382E-1,-1.416002035E0,1.521463023E0
7.090655635E0,-4.044508934E-1,-3.622946739E-1,-1.540251970E0,1.633160766E0
7.095655635E0,-1.147331238E0,-1.579542160E-1,-1.287027955E0,1.731403899E0
7.100655635E0,-2.094124079E0,-5.866956711E-2,-9.345421791E-1,2.293941337E0
7.105655635E0,-2.808771610E0,-2.584500313E-1,-6.601223946E-1,2.896852767E0
7.110655635E0,-3.176894665E0,-6.160702705E-1,-5.095188618E-1,3.275944407E0
7.115655635E0,-3.452673435E0,-9.252419472E-1,-2.105662823E-1,3.580693323E0
7.120655635E0,-3.838698387E0,-1.058811188E0,2.451226711E-1,3.989582881E0
7.125655635E0,-4.022641182E0,-1.151048660E0,7.327103615E-1,4.247754650E0
7.130655635E0,-3.851951838E0,-1.260048866E0,1.109644175E0,4.201971716E0
7.135655635E0,-3.725027084E0,-1.339026451E0,1.284490466E0,4.161578351E0
7.140655635E0,-3.932451487E0,-1.461210728E0,1.482257724E0,4.449314492E0
7.145655635E0,-4.154060841E0,-1.552157402E0,1.672218323E0,4.739380570E0
7.150655635E0,-4.045411110E0,-1.674613476E0,1.708731294E0,4.699940848E0
7.155655635E0,-3.409758568E0,-1.851857662E0,1.421488047E0,4.132367186E0
7.160655635E0,-2.427010298E0,-2.007669449E0,7.675839663E-1,3.241959399E0
7.165655635E0,-1.653030872E0,-1.988062859E0,1.286047101E-1,2.588714771E0
7.170655635E0,-1.504391193E0,-1.829766750E0,-2.030446529E-1,2.377491610E0
7.175655635E0,-1.987557411E0,-1.744131565E0,-2.632938623E-1,2.657386505E0
7.180655635E0,-2.598822117E0,-1.801677704E0,-1.557565928E-1,3.166098397E0
7.185655635E0,-3.082631350E0,-1.992822647E0,7.774233818E-3,3.670697288E0
7.190655635E0,-3.516821861E0,-2.281879902E0,3.137644529E-1,4.203981449E0
7.195655635E0,-3.791611195E0,-2.550498962E0,6.998882294E-1,4.622899949E0
7.200655635E0,-3.856609821E0,-2.813620090E0,1.037619472E0,4.885340469E0
7.205655635E0,-4.019860744E0,-3.033327103E0,1.384078979E0,5.222645722E0
7.210655635E0,-4.282270432E0,-3.275171280E0,1.601932883E0,5.624124458E0
7.215655635E0,-4.206231117E0,-3.518983126E0,1.540698767E0,5.696435301E0
7.220655635E0,-3.904942751E0,-3.658282280E0,1.457053900E0,5.545684195E0
7.225655635E0,-3.602659464E0,-3.709869385E0,1.613267541E0,5.417094999E0
7.230655635E0,-3.258034706E0,-3.711009026E0,1.934065700E0,5.303488311E0
7.235655635E0,-2.906561375E0,-3.695194960E0,2.249359369E0,5.211735065E0
7.240655635E0,-2.285558701E0,-3.710683346E0,2.589455128E0,5.069341903E0
7.245655635E0,-1.371088982E0,-3.663520813E0,2.968095064E0,4.910280853E0
7.250655635E0,-3.769688606E-1,-3.489002705E0,3.383179188E0,4.874540677E0
7.255655635E0,5.231986046E-1,-3.293246269E0,3.742523193E0,5.012553004E0
7.260655635E0,1.111844540E0,-3.261755705E0,4.037309170E0,5.308023539E0
7.265655635E0,1.144802570E0,-3.387214661E0,4.169221401E0,5.492376824E0
7.270655635E0,9.699630737E-1,-3.687052965E0,4.068358421E0,5.575547343E0
7.275655635E0,7.571811676E-1,-4.040288448E0,3.808571339E0,5.603790655E0
7.280655635E0,3.793201447E-1,-4.360784531E0,3.297139168E0,5.480096002E0
7.285655635E0,-1.163725853E-1,-4.525522709E0,2.602772236E0,5.221907858E0
7.290655635E0,-9.599781036E-1,-4.536890984E0,1.818660736E0,4.981211161E0
7.295655635E0,-1.965605259E0,-4.564412594E0,1.097522736E0,5.089402963E0
7.300655635E0,-2.783338070E0,-4.709337711E0,6.099252701E-1,5.504256655E0
7.305655635E0,-2.912714958E0,-4.796760559E0,3.467583656E-1,5.622549391E0
7.310655635E0,-2.434040070E0,-4.712089062E0,2.033333778E-1,5.307511550E0
7.315655635E0,-1.501511574E0,-4.463836670E0,2.020664215E-1,4.713937384E0
7.320655635E0,-5.504107475E-1,-4.157667637E0,2.949943542E-1,4.204304204E0
7.325655635E0,9.248733521E-3,-3.843721628E0,5.082602501E-1,3.877190990E0
7.330655635E0,3.629064560E-1,-3.581808329E0,8.206477165E-1,3.692494370E0
7.335655635E0,8.073525429E-1,-3.348956823E0,1.105537891E0,3.617947479E0
7.340655635E0,1.194603920E0,-3.124114275E0,1.318329811E0,3.595158136E0
7.345655635E0,1.567056179E0,-3.003679276E0,1.496983290E0,3.703878134E0
7.350655635E0,2.232084751E0,-2.967334270E0,1.581001282E0,4.035695735E0
7.355655635E0,3.350621700E0,-3.015302658E0,1.244887352E0,4.676372570E0
7.360655635E0,4.655345917E0,-3.038542747E0,7.036590576E-1,5.603581328E0
7.365655635E0,5.596898079E0,-2.981538773E0,4.796051979E-1,6.359627560E0
7.370655635E0,6.295352936E0,-2.727010727E0,7.263011932E-1,6.898954233E0
7.375655635E0,6.914279938E0,-2.386319399E0,1.105646133E0,7.397583437E0
7.380655635E0,6.894268036E0,-1.973226786E0,1.362377167E0,7.299358002E0
7.385655635E0,6.866716385E0,-1.425318480E0,1.904742241E0,7.267143158E0
7.390655635E0,7.063623428E0,-9.170986414E-1,2.605634689E0,7.584535450E0
7.395655635E0,6.730776787E0,-1.022516131E0,3.192417383E0,7.519336682E0
7.400655635E0,6.515383720E0,-1.829466343E0,3.574696064E0,7.653471374E0
7.405655635E0,6.517900467E0,-2.718909502E0,3.469621181E0,7.868530137E0
7.410655635E0,6.658523560E0,-2.892527819E0,3.175580740E0,7.923822702E0
7.415655635E0,6.856677055E0,-2.554642677E0,2.880820990E0,7.863799910E0
7.420655635E0,7.199702263E0,-2.172900677E0,2.486165524E0,7.920746747E0
7.425655635E0,7.764166832E0,-2.010328054E0,1.817510724E0,8.223566788E0
7.430655635E0,8.379138947E0,-1.986983418E0,9.836450815E-1,8.667504268E0
7.435655635E0,8.676164627E0,-1.899354219E0,4.154348373E-2,8.881728714E0
7.440655635E0,8.638652802E0,-1.668564200E0,-8.976078033E-1,8.843988268E0
7.445655635E0,8.627962112E0,-1.457561493E0,-1.833858728E0,8.940316189E0
7.450655635E0,8.289212227E0,-1.272663355E0,-2.775496006E0,8.833690590E0
7.455655635E0,7.725830078E0,-1.132185698E0,-3.734119415E0,8.655284089E0
7.460655635E0,7.139856339E0,-9.962701201E-1,-4.522714615E0,8.510290840E0
7.465655635E0,6.626627922E0,-9.395005703E-1,-5.051473141E0,8.385239402E0
7.470655635E0,6.335356712E0,-9.066336751E-1,-5.332927704E0,8.330597049E0
7.475655635E0,6.135517120E0,-7.857192159E-1,-5.312566280E0,8.153850962E0
7.480655635E0,6.064216614E0,-6.092398167E-1,-5.085616589E0,7.937845575E0
7.485655635E0,6.239605904E0,-5.254471302E-1,-4.670794010E0,7.811855939E0
7.490655635E0,6.460454941E0,-5.348712802E-1,-4.300182819E0,7.779147615E0
7.495655635E0,6.741254807E0,-4.735015035E-1,-4.003448009E0,7.854700249E0
7.500655635E0,6.804659843E0,-3.577341437E-1,-3.933170795E0,7.867731681E0
7.505655635E0,6.778318405E0,-2.155253887E-1,-4.021852970E0,7.884627633E0
7.510655635E0,6.789015770E0,-7.181274891E-2,-4.290482998E0,8.031446728E0
7.515655635E0,6.819067955E0,1.459786296E-2,-4.642778397E0,8.249563147E0
7.520655635E0,6.846261024E0,6.889000535E-2,-5.069244385E0,8.518994922E0
7.525655635E0,6.799118996E0,1.348237395E-1,-5.526382923E0,8.762825159E0
7.530655635E0,6.855275154E0,1.620432734E-1,-5.922055721E0,9.060452496E0
7.535655635E0,6.983222008E0,-7.927060127E-3,-6.238819122E0,9.364203997E0
7.540655635E0,6.970436096E0,-3.421052694E-1,-6.405502319E0,9.472828266E0
7.545655635E0,6.783635139E0,-6.432214975E-1,-6.377227783E0,9.332763460E0
7.550655635E0,6.417907715E0,-8.948913813E-1,-6.246986389E0,9.000844903E0
7.555655635E0,5.764765739E0,-1.164756417E0,-6.271246433E0,8.597541123E0
7.560655635E0,5.119739056E0,-1.393128633E0,-6.450345993E0,8.352215204E0
7.565655635E0,4.650250912E0,-1.598041534E0,-6.636482239E0,8.259628732E0
7.570655635E0,3.041711330E0,-1.336121082E0,-7.357684135E0,8.072963719E0
7.575655635E0,2.253073215E0,-9.561925530E-1,-8.105584145E0,8.467061913E0
7.580655635E0,2.194424629E0,-7.405333519E-1,-8.537522316E0,8.846082545E0
7.585655635E0,2.187398434E0,-6.640443802E-1,-8.787487030E0,9.079955680E0
7.590655635E0,2.059064388E0,-6.223590374E-1,-8.959302902E0,9.213912601E0
7.595655635E0,2.067448616E0,-6.262813807E-1,-8.937663078E0,9.195020035E0
7.600655635E0,2.110630512E0,-7.071117163E-1,-8.838252068E0,9.114245320E0
7.605655635E0,2.123413563E0,-6.867096424E-1,-8.499068260E0,8.787184793E0
7.610655635E0,1.979400635E0,-6.023936272E-1,-8.027486801E0,8.289840125E0
7.615655635E0,1.818483353E0,-5.053119659E-1,-7.606079578E0,7.836751141E0
7.620655635E0,1.689153671E0,-4.736479521E-1,-7.179409981E0,7.390636656E0
7.625655635E0,1.717977047E0,-5.408653021E-1,-6.540061951E0,6.783538216E0
7.630655635E0,1.839889050E0,-6.956405640E-1,-5.747324944E0,6.074607108E0
7.635655635E0,1.739580631E0,-9.609355927E-1,-5.039562225E0,5.417261800E0
7.640655635E0,1.353817463E0,-1.172438860E0,-4.553110123E0,4.892672725E0
7.645655635E0,9.421050549E-1,-1.272575021E0,-4.178386688E0,4.468324567E0
7.650655635E0,4.310350418E-1,-1.352979660E0,-3.879219055E0,4.130942465E0
7.655655635E0,-4.135155678E-2,-1.575039983E0,-3.745872498E0,4.063744784E0
7.660655635E0,-4.963483810E-1,-1.818746209E0,-3.533081055E0,4.004605003E0
7.665655635E0,-9.087018967E-1,-2.029098749E0,-3.642498970E0,4.267409005E0
7.670655635E0,-1.207971096E0,-1.949586153E0,-4.026550293E0,4.633917090E0
7.675655635E0,-1.375993013E0,-1.547165036E0,-4.820143223E0,5.246032511E0
7.680655635E0,-1.212141514E0,-9.427651167E-1,-5.394358635E0,5.608671696E0
7.685655635E0,-5.523859859E-1,-3.550527096E-1,-5.411573410E0,5.451267694E0
7.690655635E0,6.218025684E-1,-1.495020390E-1,-5.423390388E0,5.460966270E0
7.695655635E0,1.671248198E0,-1.009709835E-1,-5.560352325E0,5.806959933E0
7.700655635E0,2.410235405E0,4.670143127E-3,-5.754865646E0,6.239209495E0
7.705655635E0,2.913109303E0,3.367519379E-2,-6.127305984E0,6.784631048E0
7.710655635E0,3.159290314E0,-2.601599693E-2,-6.730074883E0,7.434762945E0
7.715655635E0,3.265835285E0,-2.054775953E-1,-7.009982586E0,7.736133208E0
7.720655635E0,3.264425278E0,-5.590660572E-1,-6.838549614E0,7.598341140E0
7.725655635E0,3.007788897E0,-1.038577080E0,-6.340808868E0,7.094455124E0
7.730655635E0,2.571423054E0,-1.651171923E0,-5.565911770E0,6.349642436E0
7.735655635E0,1.992362261E0,-2.197895527E0,-4.805132866E0,5.647083671E0
7.740655635E0,1.233317256E0,-2.684327841E0,-4.142131805E0,5.087626490E0
7.745655635E0,5.488839149E-1,-3.224245071E0,-3.806221008E0,5.018400960E0
7.750655635E0,-2.890467644E-3,-3.699702263E0,-3.555098057E0,5.130938256E0
7.755655635E0,-4.240282774E-1,-4.059902668E0,-3.275755882E0,5.233850041E0
7.760655635E0,-7.416391373E-1,-4.271892071E0,-2.958730698E0,5.249112098E0
7.765655635E0,-1.049885511E0,-4.229715347E0,-2.553695679E0,5.051149684E0
7.770655635E0,-1.229305506E0,-3.908699512E0,-1.970590591E0,4.546685736E0
7.775655635E0,-1.647275448E0,-3.386389971E0,-1.143778801E0,3.935655394E0
7.780655635E0,-1.524555564E0,-3.008472681E0,-2.729625702E-1,3.383738481E0
7.785655635E0,-1.276388288E0,-2.727317095E0,6.180324554E-1,3.073985965E0
7.790655635E0,-1.086323857E0,-2.533692598E0,1.337810516E0,3.064218446E0
7.795655635E0,-9.219977856E-1,-2.437119722E0,1.757050514E0,3.142747042E0
7.800655635E0,-1.020067215E0,-2.361820459E0,1.940452576E0,3.222435291E0
7.805655635E0,-1.146652222E0,-2.362470388E0,1.887518883E0,3.234007605E0
7.810655635E0,-1.109357715E0,-2.368491173E0,1.892208099E0,3.228138235E0
7.815655635E0,-9.508223534E-1,-2.312882423E0,2.003701210E0,3.204419884E0
7.820655635E0,-7.380081415E-1,-2.203331947E0,2.126543045E0,3.149843331E0
7.825655635E0,-6.748212576E-1,-2.042534828E0,2.175216675E0,3.059231903E0
7.830655635E0,-6.809235811E-1,-1.925865173E0,2.279331207E0,3.060713045E0
7.835655635E0,-6.864993572E-1,-1.872864485E0,2.243081093E0,3.001718763E0
7.840655635E0,-4.454258680E-1,-1.868297219E0,2.183890343E0,2.908318368E0
7.845655635E0,6.492459774E-2,-1.903633714E0,2.170381546E0,2.887662130E0
7.850655635E0,4.599779844E-1,-1.881909370E0,2.361169815E0,3.054224209E0
7.855655635E0,1.565746069E-1,-1.821664453E0,2.916380882E0,3.442129346E0
7.860655635E0,-2.059752345E-1,-1.833853006E0,3.446716309E0,3.909641410E0
7.865655635E0,-9.925149083E-1,-1.815714359E0,3.879845619E0,4.397170284E0
7.870655635E0,-1.721606255E0,-1.857688308E0,4.107322693E0,4.825456833E0
7.875655635E0,-2.227695942E0,-1.950496078E0,4.107838631E0,5.063734035E0
7.880655635E0,-2.520461559E0,-2.087352276E0,3.723481178E0,4.957224837E0
7.885655635E0,-2.658708096E0,-2.298490047E0,3.103888512E0,4.688913427E0
7.890655635E0,-2.704599857E0,-2.557352304E0,2.416232109E0,4.437689579E0
7.895655635E0,-2.673156261E0,-2.733665943E0,1.948240280E0,4.291192617E0
7.900655635E0,-2.540310144E0,-2.794411659E0,1.739536285E0,4.157871888E0
7.905655635E0,-2.337811470E0,-2.722937584E0,1.686584473E0,3.965390112E0
7.910655635E0,-1.927890897E0,-2.514753342E0,1.945346832E0,3.718214891E0
7.915655635E0,-1.352788210E0,-2.194319725E0,2.355889320E0,3.492175466E0
7.920655635E0,-7.255062461E-1,-1.830610037E0,2.828095436E0,3.446101597E0
7.925655635E0,-1.135381535E-1,-1.543616772E0,3.262830734E0,3.611330510E0
7.930655635E0,3.877224326E-1,-1.293989897E0,3.644780159E0,3.887050417E0
7.935655635E0,2.011478543E-1,-9.182469845E-1,4.168427467E0,4.273104906E0
7.940655635E0,-7.230289578E-1,-6.398375630E-1,4.707628250E0,4.805614084E0
7.945655635E0,-1.453563571E0,-7.749056816E-1,4.567042351E0,4.855018198E0
7.950655635E0,-1.676401615E0,-1.158497334E0,4.185941696E0,4.655593016E0
7.955655635E0,-1.890952468E0,-1.521765471E0,4.455020905E0,5.073330528E0
7.960655635E0,-1.627176523E0,-2.282412052E0,5.663088799E0,6.318835569E0
7.965655635E0,-8.984022737E-1,-3.254123926E0,7.064173698E0,7.829367740E0
7.970655635E0,-1.072565913E-1,-3.911824703E0,8.032732964E0,8.935249037E0
7.975655635E0,5.338257551E-2,-4.033539295E0,7.842111588E0,8.818786940E0
7.980655635E0,-2.003489733E-1,-3.762936592E0,6.959687233E0,7.914358969E0
7.985655635E0,-9.701557159E-1,-3.193619013E0,5.814991951E0,6.704814382E0
7.990655635E0,-1.990447879E0,-2.471209526E0,4.466181755E0,5.478643879E0
7.995655635E0,-2.423672676E0,-1.806293249E0,3.028772354E0,4.279059069E0
8.000655635E0,-2.341879845E0,-1.331218123E0,1.967739105E0,3.335946655E0
8.005655635E0,-2.021750212E0,-9.275913239E-1,1.583250999E0,2.730308281E0
8.010655635E0,-1.629811525E0,-5.450329781E-1,2.485449791E0,3.021722558E0
8.015655635E0,-1.365811586E0,-2.612619400E-1,5.922045708E0,6.083117988E0
8.020655635E0,-9.223562479E-1,-3.146412373E-1,1.002898598E1,1.007622449E1
8.025655635E0,-1.161562443E0,-3.624268770E-1,1.192427158E1,1.198619345E1
8.030655635E0,-1.315640450E0,-4.663578272E-1,1.010026836E1,1.019626502E1
8.035655635E0,-7.973227501E-1,-4.898363352E-1,5.932293892E0,6.005645180E0
8.040655635E0,-9.009227753E-1,-3.274916410E-1,2.150325775E0,2.354318067E0
8.045655635E0,-1.363274932E0,-2.480708361E-1,-3.346586227E-1,1.425501341E0
8.050655635E0,-1.825169444E0,-2.655864954E-1,-1.421608925E0,2.328680232E0
8.055655635E0,-2.203633070E0,-3.651163578E-1,-1.466781616E0,2.672219484E0
8.060655635E0,-2.402053595E0,-6.041111946E-1,-4.148540497E-1,2.511357340E0
8.065655635E0,-2.255630970E0,-1.127584457E0,1.803990364E0,3.100596558E0
8.070655635E0,-1.768858552E0,-1.848839998E0,3.685037613E0,4.486264830E0
8.075655635E0,-1.265553951E0,-2.423429012E0,2.930215836E0,4.007592772E0
8.080655635E0,-8.225595951E-1,-2.373920441E0,-1.740234375E0,3.056226141E0
8.085655635E0,-3.963420391E-1,-1.638188601E0,-7.476642609E0,7.664263409E0
8.090655635E0,-6.033546925E-1,-8.533462286E-1,-9.979093552E0,1.003367055E1
8.095655635E0,-1.337871313E0,-4.547807574E-1,-8.688729286E0,8.802882584E0
8.100655635E0,-1.901437283E0,-6.164302826E-1,-7.150105000E0,7.424247540E0
8.105655635E0,-1.815980315E0,-8.990668058E-1,-5.379898071E0,5.748861529E0
8.110655635E0,-1.659028769E0,-1.010539055E0,-4.838905334E0,5.214266053E0
8.115655635E0,-1.739185452E0,-1.052579761E0,-6.340307713E0,6.658242417E0
8.120655635E0,-1.734684229E0,-9.236872196E-1,-8.570460320E0,8.792901543E0
8.125655635E0,-1.607376575E0,-5.783529878E-1,-1.106531906E1,1.119640288E1
8.130655635E0,-1.418634772E0,-7.465136051E-2,-1.306240559E1,1.313942682E1
8.135655635E0,-1.181047440E0,2.317373753E-1,-1.300211525E1,1.305770180E1
8.140655635E0,-6.951422691E-1,1.704508066E-1,-9.934022903E0,9.959773456E0
8.145655635E0,3.997517824E-1,3.465855122E-2,-4.561789036E0,4.579401916E0
8.150655635E0,1.664574146E0,5.141440034E-2,-8.053131104E-1,1.849859382E0
8.155655635E0,2.797046661E0,2.008172274E-1,2.192899704E0,3.559860488E0
8.160655635E0,4.037099361E0,5.503943563E-1,7.210415840E0,8.281980548E0
8.165655635E0,6.968968391E0,5.509333014E-1,1.652032471E1,1.793853886E1
8.170655635E0,6.841274261E0,-1.491941452E0,2.275590134E1,2.380882123E1
8.175655635E0,2.406820297E0,-2.384463072E0,2.031934738E1,2.059986228E1
8.180655635E0,3.083523512E-1,-1.176926494E0,1.158154297E1,1.164527263E1
8.185655635E0,-2.500848770E-1,-2.990136147E-1,2.606622696E0,2.635608747E0
8.190655635E0,-8.127901554E-1,1.408097446E-1,-2.923337936E0,3.037492372E0
8.195655635E0,-1.518047810E0,3.307495117E-1,-5.716073990E0,5.923458977E0
8.200655635E0,-2.056657791E0,3.347030878E-1,-6.029232502E0,6.379146651E0
8.205655635E0,-2.280485868E0,2.308435738E-1,-4.793132782E0,5.313005403E0
8.210655635E0,-1.418818593E0,-8.074253798E-3,-2.934454918E0,3.259468831E0
8.215655635E0,-2.041994333E-1,-2.200125009E-1,-2.051576614E0,2.073419763E0
8.220655635E0,2.479572296E-1,-3.701601624E-1,-2.329530716E0,2.371753505E0
8.225655635E0,7.248592377E-2,-4.270727932E-1,-3.375722885E0,3.403402764E0
8.230655635E0,-9.261059761E-2,-4.467799962E-1,-3.990240097E0,4.016242662E0
8.235655635E0,-6.140375137E-2,-4.846225679E-1,-3.605829239E0,3.638768192E0
8.240655635E0,1.399374962E0,-9.828660488E-1,5.385304451E0,5.650290257E0
8.245655635E0,4.929225922E0,-1.717876315E0,2.155218506E1,2.217532521E1
8.250655635E0,-4.076293483E-2,-9.132453799E-2,2.227511978E1,2.227534429E1
8.255655635E0,-4.873309612E0,6.658957005E-1,7.214211464E0,8.731403708E0
8.260655635E0,-2.723756552E0,-1.259402037E-1,-5.603929520E0,6.232073230E0
8.265655635E0,-5.068961978E-1,-6.395903230E-2,-9.382916451E0,9.396816250E0
8.270655635E0,-3.010311425E-1,-2.216531038E-1,-9.756867409E0,9.764026397E0
8.275655635E0,-4.263787270E-1,-2.562946677E-1,-9.305442810E0,9.318731226E0
8.280655635E0,-4.623270929E-1,-1.715916693E-1,-9.552761078E0,9.565481392E0
8.285655635E0,-2.206689119E-1,3.747767210E-2,-9.215898514E0,9.218616206E0
8.290655635E0,5.386896729E-1,2.921128869E-1,-7.158289433E0,7.184471038E0
8.295655635E0,2.267249107E0,5.056884289E-1,2.041540146E0,3.092575863E0
8.300655635E0,3.965594292E0,4.065082669E-1,1.754035187E1,1.798763827E1
8.305655635E0,2.868319750E-1,-1.179909408E-1,2.377774811E1,2.377977080E1
8.310655635E0,-3.410486698E0,-9.359270334E-1,1.556780243E1,1.596445588E1
8.315655635E0,-1.807558775E0,-8.118720055E-1,3.017032623E0,3.609555475E0
8.320655635E0,1.473656297E-2,1.635847390E-1,-6.532462120E0,6.534526646E0
8.325655635E0,2.496374846E-1,5.800051689E-1,-1.031292248E1,1.033223572E1
8.330655635E0,3.219467402E-2,4.470160007E-1,-1.062646484E1,1.063591157E1
8.335655635E0,-8.681277931E-2,3.061366081E-1,-9.513800621E0,9.519120670E0
8.340655635E0,-1.340386420E-1,3.244147003E-1,-7.898454189E0,7.906250049E0
8.345655635E0,-1.344502121E-1,3.732008338E-1,-5.114947319E0,5.130306209E0
8.350655635E0,-2.668260336E-1,3.102838397E-1,-9.926166534E-1,1.073666621E0
8.355655635E0,-3.927306533E-1,6.986916065E-3,3.851341248E0,3.871319618E0
8.360655635E0,-1.901110411E-1,-4.092718363E-1,7.825968742E0,7.838968835E0
8.365655635E0,3.967396617E-1,-6.355878115E-1,8.952507019E0,8.983805216E0
8.370655635E0,3.969849050E-1,-5.274831653E-1,6.347860336E0,6.382097332E0
8.375655635E0,8.817103505E-2,-2.775476575E-1,1.893076897E0,1.915345131E0
8.380655635E0,1.739544272E-1,-1.104254574E-1,-1.628372192E0,1.641356123E0
8.385655635E0,2.880574465E-1,-4.309450090E-2,-3.216979980E0,3.230138453E0
8.390655635E0,3.692356348E-1,6.361386180E-2,-3.126596451E0,3.148966028E0
8.395655635E0,3.290521502E-1,1.353604198E-1,-1.646978378E0,1.684973454E0
8.400655635E0,6.864514947E-2,2.423298061E-1,3.358402252E-1,4.197910770E-1
8.405655635E0,-3.335061073E-1,2.013727129E-1,1.548431396E0,1.596689413E0
8.410655635E0,-8.111394644E-1,-3.437894583E-2,1.351213455E0,1.576358761E0
8.415655635E0,-1.108457446E0,2.693256736E-2,6.459808350E-2,1.110664749E0
8.420655635E0,-1.481548309E0,4.487516582E-1,-1.382884026E0,2.075748461E0
8.425655635E0,-1.896546960E0,6.350171566E-1,-2.045842171E0,2.861050043E0
8.430655635E0,-2.123394012E0,6.768438816E-1,-1.678117752E0,2.789802674E0
8.435655635E0,-1.918369889E0,6.473138332E-1,-3.619852066E-1,2.056742940E0
8.440655635E0,-1.654354215E0,6.059745550E-1,1.387160301E0,2.242388622E0
8.445655635E0,-1.478482008E0,5.328196883E-1,2.471480370E0,2.928825889E0
8.450655635E0,-1.601257324E0,4.964030683E-1,2.446829796E0,2.966044011E0
8.455655635E0,-1.977373838E0,5.416675806E-1,1.421772003E0,2.494964267E0
8.460655635E0,-2.197994471E0,5.218964815E-1,1.750974655E-1,2.265880569E0
8.465655635E0,-2.226001024E0,4.817952812E-1,-7.510032654E-1,2.398168709E0
8.470655635E0,-2.055066824E0,3.384590447E-1,-1.243780136E0,2.425869577E0
8.475655635E0,-1.540263891E0,1.174524724E-1,-1.282872200E0,2.007976349E0
8.480655635E0,-7.667111158E-1,-1.350764036E-1,-9.550580978E-1,1.232163764E0
8.485655635E0,-1.095921919E-1,-3.618091643E-1,-4.555778503E-1,5.920029540E-1
8.490655635E0,8.511030674E-1,-4.214763045E-1,-9.390163422E-2,9.543774010E-1
8.495655635E0,1.948947668E0,-2.883906662E-1,-1.687259674E-1,1.977380753E0
8.500655635E0,2.112946510E0,-4.527843893E-1,-5.829133987E-1,2.238156538E0
8.505655635E0,2.149694443E0,-7.378208637E-1,-2.824726105E-1,2.290274350E0
8.510655635E0,2.326965332E0,-1.021910191E0,1.010392189E0,2.734951639E0
8.515655635E0,1.987901092E0,-1.155561566E0,2.120497704E0,3.127872087E0
8.520655635E0,1.444725037E0,-1.069175482E0,1.726039886E0,2.491902954E0
8.525655635E0,8.195650578E-1,-7.931118011E-1,5.155448914E-1,1.251598877E0
8.530655635E0,9.133780003E-2,-5.119656324E-1,-3.886966705E-1,6.492584264E-1
8.535655635E0,-5.650617480E-1,-3.937899172E-1,-7.389993668E-1,1.010190745E0
8.540655635E0,-1.013604760E0,-4.103491604E-1,-7.301311493E-1,1.314865977E0
8.545655635E0,-1.205399156E0,-5.089855790E-1,-6.242074966E-1,1.449720126E0
8.550655635E0,-1.293599606E0,-6.163719296E-1,-4.754953384E-1,1.509771543E0
8.555655635E0,-1.341901064E0,-7.062164545E-1,-2.327861786E-1,1.534154344E0
8.560655635E0,-1.233649015E0,-7.131533623E-1,1.001691818E-1,1.428464727E0
8.565655635E0,-1.060155869E0,-6.753916740E-1,3.439426422E-1,1.303219444E0
8.570655635E0,-8.831611872E-1,-6.281058788E-1,4.081239700E-1,1.158039659E0
8.575655635E0,-7.168872356E-1,-5.164345503E-1,4.191541672E-1,9.779172609E-1
8.580655635E0,-5.718088150E-1,-4.211034179E-1,4.510612488E-1,8.412785862E-1
8.585655635E0,-3.817504048E-1,-2.915331423E-1,4.232349396E-1,6.401974373E-1
8.590655635E0,-2.785753906E-1,-1.322379559E-1,2.627954483E-1,4.051574668E-1
8.595655635E0,-1.222611219E-1,7.116436958E-3,-1.986885071E-2,1.240693227E-1
8.600655635E0,6.682458520E-2,7.284054160E-2,-2.231893539E-1,2.440998923E-1
8.605655635E0,2.503110468E-1,8.866780996E-2,-4.139871597E-1,4.918363235E-1
8.610655635E0,3.432460725E-1,-2.435241640E-2,-5.019235611E-1,6.085541617E-1
8.615655635E0,2.665730715E-1,-2.096691728E-1,-3.264503479E-1,4.707358007E-1
8.620655635E0,-6.583255529E-2,-3.114411831E-1,4.423141479E-3,3.183537341E-1
8.625655635E0,-5.373805165E-1,-4.601494670E-1,2.293443680E-1,7.437164719E-1
8.630655635E0,-9.202801585E-1,-5.164275169E-1,2.511501312E-1,1.084753123E0
8.635655635E0,-1.002157450E0,-4.813176692E-1,2.956895828E-1,1.150399314E0
8.640655635E0,-9.666721821E-1,-3.574574888E-1,3.920822144E-1,1.102705503E0
8.645655635E0,-8.945074081E-1,-1.354016960E-1,3.790359497E-1,9.808900925E-1
8.650655635E0,-9.115991592E-1,1.098469794E-1,2.914228439E-1,9.633310231E-1
8.655655635E0,-1.173411369E0,2.604837716E-1,1.755399704E-1,1.214726438E0
8.660655635E0,-1.397350073E0,3.546547294E-1,1.358985901E-3,1.441654969E0
8.665655635E0,-1.566365242E0,3.221123517E-1,-1.419734955E-1,1.605432313E0
8.670655635E0,-1.425887346E0,2.395841777E-1,-2.553462982E-1,1.468249650E0
8.675655635E0,-1.164747238E0,1.180523187E-1,-1.933727264E-1,1.186577216E0
8.680655635E0,-8.694617152E-1,-8.897627890E-2,-7.220363617E-2,8.769799413E-1
8.685655635E0,-6.360143423E-1,-2.390609682E-1,1.113977432E-1,6.885302080E-1
8.690655635E0,-4.512286484E-1,-3.310881257E-1,1.915769577E-1,5.915474375E-1
8.695655635E0,-3.236679733E-1,-2.668618560E-1,1.682977676E-1,4.519959576E-1
8.700655635E0,-2.655909061E-1,-1.451007426E-1,1.137065887E-1,3.232985358E-1
8.705655635E0,-1.170576513E-1,3.291375935E-2,3.256511688E-2,1.258820723E-1
8.710655635E0,1.899411380E-1,6.326787174E-2,4.265785217E-3,2.002464892E-1
8.715655635E0,4.580571055E-1,3.559270501E-2,3.087806702E-2,4.604743289E-1
8.720655635E0,4.968485534E-1,7.821579278E-2,7.034015656E-2,5.078621200E-1
8.725655635E0,2.272213399E-1,6.924836338E-2,1.641035080E-1,2.887123733E-1
8.730655635E0,-2.070005387E-1,6.658846140E-2,2.964591980E-2,2.194587131E-1
8.735655635E0,-8.044266701E-1,-7.568211108E-2,-3.530502319E-3,8.079867040E-1
8.740655635E0,-1.565289974E0,-2.619274855E-1,5.434036255E-2,1.587983497E0
8.745655635E0,-2.187123060E0,-4.154484272E-1,1.139755249E-1,2.229146719E0
8.750655635E0,-2.877958775E0,-5.403028131E-1,2.479772568E-1,2.938718523E0
8.755655635E0,-3.530920982E0,-6.610990167E-1,3.092336655E-1,3.605562418E0
8.760655635E0,-4.067029476E0,-7.415562868E-1,3.203411102E-1,4.146474757E0
8.765655635E0,-4.465984344E0,-7.945192456E-1,3.497858047E-1,4.549574387E0
8.770655635E0,-4.567366123E0,-9.441348314E-1,2.909679413E-1,4.672995423E0
8.775655635E0,-4.383273602E0,-1.109858036E0,-4.244804382E-3,4.521602630E0
8.780655635E0,-4.159976006E0,-1.318619251E0,-1.976032257E-1,4.368432686E0
8.785655635E0,-3.834314823E0,-1.563569903E0,-2.315387726E-1,4.147328201E0
8.790655635E0,-3.418124676E0,-1.848882437E0,-2.293062210E-1,3.892881183E0
8.795655635E0,-2.913854837E0,-2.139565706E0,-1.302127838E-1,3.617353562E0
8.800655635E0,-2.391296387E0,-2.399386406E0,-7.137584686E-2,3.388280987E0
8.805655635E0,-1.934115410E0,-2.673923969E0,2.019653320E-1,3.306276124E0
8.810655635E0,-1.420686364E0,-2.995149136E0,6.813230515E-1,3.384297444E0
8.815655635E0,-1.129547596E0,-3.238544941E0,9.158430099E-1,3.550045003E0
8.820655635E0,-1.068639398E0,-3.367692709E0,6.768836975E-1,3.597431846E0
8.825655635E0,-1.079319835E0,-3.389525175E0,3.601646423E-1,3.575406381E0
8.830655635E0,-1.212754965E0,-3.272894859E0,1.157112122E-1,3.492277831E0
8.835655635E0,-1.544013143E0,-3.148962975E0,-7.102012634E-2,3.507846670E0
8.840655635E0,-1.892898321E0,-3.108841896E0,3.865718842E-2,3.639980270E0
8.845655635E0,-2.469056606E0,-3.172733307E0,8.548259735E-2,4.021167049E0
8.850655635E0,-3.074875116E0,-3.345214605E0,4.069519043E-2,4.543894127E0
8.855655635E0,-3.536853075E0,-3.597335339E0,1.570415497E-2,5.044838732E0
8.860655635E0,-3.628920317E0,-3.861908913E0,-8.817672729E-3,5.299384952E0
8.865655635E0,-3.530272961E0,-3.995983839E0,7.220363617E-2,5.332534799E0
8.870655635E0,-3.324217796E0,-3.974438667E0,2.212381363E-1,5.186090338E0
8.875655635E0,-3.003768682E0,-3.818770409E0,2.689208984E-1,4.865999608E0
8.880655635E0,-2.635875225E0,-3.573697805E0,2.761926651E-1,4.449206288E0
8.885655635E0,-2.352915764E0,-3.240634441E0,2.658386230E-1,4.013551339E0
8.890655635E0,-2.005064487E0,-2.814667463E0,1.162891388E-1,3.457768022E0
8.895655635E0,-1.630577564E0,-2.388444901E0,-2.900505066E-2,2.892108838E0
8.900655635E0,-1.409088135E0,-2.042926550E0,-3.755693436E-1,2.510006094E0
8.905655635E0,-1.238240361E0,-1.833529949E0,-5.130290985E-1,2.271182538E0
8.910655635E0,-1.232149363E0,-1.904820561E0,-4.989767075E-1,2.322823966E0
8.915655635E0,-1.596260071E0,-1.931467772E0,-3.693313599E-1,2.532788901E0
8.920655635E0,-1.955455542E0,-1.829098105E0,-1.166782379E-1,2.680115681E0
8.925655635E0,-2.379871130E0,-1.797105551E0,7.076263428E-2,2.983015640E0
8.930655635E0,-3.003363371E0,-1.851147652E0,1.620292664E-1,3.531740739E0
8.935655635E0,-3.398178101E0,-2.048799992E0,3.522624969E-1,3.983627075E0
8.940655635E0,-3.549183130E0,-2.343870878E0,5.499200821E-1,4.288687874E0
8.945655635E0,-3.309932709E0,-2.786328316E0,7.186260223E-1,4.385852640E0
8.950655635E0,-2.877715588E0,-3.423662901E0,8.698101044E-1,4.556235758E0
8.955655635E0,-2.632401466E0,-4.091072559E0,6.667442322E-1,4.910291238E0
8.960655635E0,-2.622255564E0,-4.669305325E0,2.618103027E-1,5.361639776E0
8.965655635E0,-2.576104641E0,-5.212795258E0,-5.627632141E-2,5.814870295E0
8.970655635E0,-2.573615789E0,-5.677453518E0,-1.544971466E-1,6.235450749E0
8.975655635E0,-2.586461306E0,-6.161581516E0,-1.972103119E-1,6.685339242E0
8.980655635E0,-2.783240080E0,-6.628040791E0,2.239036560E-2,7.188730861E0
8.985655635E0,-2.934666872E0,-6.980262756E0,3.761224747E-1,7.581411868E0
8.990655635E0,-2.783994675E0,-7.241006374E0,6.965446472E-1,7.788964893E0
8.995655635E0,-2.246316433E0,-7.472650051E0,6.795244217E-1,7.832508522E0
9.000655635E0,-1.686674356E0,-7.557112694E0,5.563354492E-1,7.763010485E0
9.005655635E0,-1.178931355E0,-7.251514912E0,2.924537659E-1,7.352542204E0
9.010655635E0,-6.504964828E-1,-6.919713497E0,-4.441242218E-1,6.964397094E0
9.015655635E0,-1.978652552E-2,-6.715728760E0,-1.273528099E0,6.835442787E0
9.020655635E0,6.605407000E-1,-6.550000668E0,-1.835618019E0,6.834348270E0
9.025655635E0,1.316882014E0,-6.468599319E0,-1.960956573E0,6.886385560E0
9.030655635E0,1.877561927E0,-6.356344223E0,-1.611032486E0,6.820833992E0
9.035655635E0,2.265176535E0,-6.140516281E0,-1.187330246E0,6.651820656E0
9.040655635E0,2.686319590E0,-5.864912987E0,-7.411670685E-1,6.493292378E0
9.045655635E0,3.173641205E0,-5.568158150E0,-1.108417511E-1,6.410044428E0
9.050655635E0,3.806221724E0,-5.317080021E0,7.172183990E-1,6.578226660E0
9.055655635E0,4.383901119E0,-5.088107109E0,1.551491737E0,6.893079833E0
9.060655635E0,4.515523911E0,-4.806241035E0,2.074440956E0,6.913263655E0
9.065655635E0,4.075128555E0,-4.440244198E0,2.143454552E0,6.396627134E0
9.070655635E0,3.802461863E0,-4.121144295E0,1.812986374E0,5.893171142E0
9.075655635E0,3.489530325E0,-3.925896645E0,1.185648918E0,5.384723736E0
9.080655635E0,3.245933294E0,-3.780984879E0,4.632806778E-1,5.004653693E0
9.085655635E0,3.209941387E0,-3.635191679E0,-2.434072495E-1,4.855675992E0
9.090655635E0,3.084315538E0,-3.510864735E0,-8.463373184E-1,4.749258930E0
9.095655635E0,3.115729332E0,-3.383495808E0,-1.082921028E0,4.725307514E0
9.100655635E0,3.074671507E0,-3.213725567E0,-1.026890755E0,4.564662257E0
9.105655635E0,3.055990219E0,-2.960918903E0,-8.492288589E-1,4.339044437E0
9.110655635E0,2.923611641E0,-2.561456919E0,-7.895984650E-1,3.966362604E0
9.115655635E0,2.921030760E0,-2.149242401E0,-6.400833130E-1,3.682576577E0
9.120655635E0,2.989836216E0,-1.811885476E0,-1.060447693E-1,3.497612767E0
9.125655635E0,3.048537254E0,-1.582789183E0,6.746425629E-1,3.500563323E0
9.130655635E0,3.146239996E0,-1.516616225E0,1.391260147E0,3.759595149E0
9.135655635E0,3.129317045E0,-1.465681314E0,1.669718742E0,3.837812862E0
9.140655635E0,3.034891367E0,-1.438908935E0,1.374732971E0,3.629175564E0
9.145655635E0,2.879701138E0,-1.345453978E0,6.012439728E-1,3.234875479E0
9.150655635E0,2.694571972E0,-1.203362107E0,-3.719425201E-1,2.974414180E0
9.155655635E0,2.571154118E0,-1.110532284E0,-1.062984467E0,2.995672116E0
9.160655635E0,2.419387341E0,-9.781823158E-1,-1.318004608E0,2.923595713E0
9.165655635E0,2.416635036E0,-8.729290366E-1,-1.162223816E0,2.820087623E0
9.170655635E0,2.492258072E0,-7.587647438E-1,-6.475648880E-1,2.684476582E0
9.175655635E0,2.554961205E0,-6.657080054E-1,4.190635681E-2,2.640596533E0
9.180655635E0,2.586950541E0,-5.919284821E-1,7.134418488E-1,2.748034152E0
9.185655635E0,2.595925331E0,-5.504508615E-1,1.089434624E0,2.868569726E0
9.190655635E0,2.479528904E0,-5.224913359E-1,1.080791473E0,2.754845003E0
9.195655635E0,2.306869745E0,-5.012836456E-1,6.382751465E-1,2.445471013E0
9.200655635E0,2.146587133E0,-4.817007184E-1,4.062557220E-2,2.200345959E0
9.205655635E0,1.994491935E0,-4.692096710E-1,-4.903392792E-1,2.106795767E0
9.210655635E0,1.882541299E0,-4.569787383E-1,-7.391729355E-1,2.073443498E0
9.215655635E0,1.755206704E0,-4.376959503E-1,-6.851749420E-1,1.934371479E0
9.220655635E0,1.487056971E0,-3.570910692E-1,-3.302354813E-1,1.564579157E0
9.225655635E0,4.102159142E-1,-8.391425759E-2,1.580448151E-1,4.475453748E-1
9.230655635E0,-4.842009544E-1,1.528092623E-1,4.902753830E-1,7.058124298E-1
9.235655635E0,-5.266192555E-1,1.782453358E-1,5.750494003E-1,7.998631463E-1
9.240655635E0,-3.017929383E-3,3.099632263E-2,4.313554764E-1,4.324782387E-1
9.245655635E0,-7.388115674E-2,7.191244513E-3,1.690435410E-1,1.846235577E-1
9.250655635E0,-2.742666602E-1,1.023481786E-1,-9.294223785E-2,3.071410265E-1
9.255655635E0,-1.486611664E-1,-1.052099839E-2,-3.304910660E-1,3.625398992E-1
9.260655635E0,-2.150455266E-1,-3.862939775E-4,-3.475923538E-1,4.087360666E-1
9.265655635E0,-1.836676598E-1,7.869414985E-2,-1.656055450E-1,2.595222052E-1
9.270655635E0,-1.807970703E-1,-5.587887019E-3,8.615112305E-2,2.003517434E-1
9.275655635E0,-1.770268530E-1,4.447154328E-2,3.148384094E-1,3.639223116E-1
9.280655635E0,-1.549689770E-1,8.428782225E-2,3.944854736E-1,4.321326298E-1
9.285655635E0,-1.316067576E-1,4.395035654E-2,2.644252777E-1,2.986179834E-1
9.290655635E0,-9.757942706E-2,8.362258971E-2,6.063938141E-2,1.420972085E-1
9.295655635E0,-1.528921723E-1,7.286070287E-2,-1.394786835E-1,2.194060198E-1
9.300655635E0,-1.960469633E-1,1.761196926E-2,-2.121992111E-1,2.894358279E-1
9.305655635E0,-1.871247739E-1,2.745110914E-2,-1.735143661E-1,2.566641378E-1
9.310655635E0,-1.762881279E-1,8.331008255E-3,-1.954460144E-2,1.775637947E-1
9.315655635E0,-1.800746024E-1,1.441286132E-2,1.403160095E-1,2.287425966E-1
9.320655635E0,-1.457947642E-1,1.489900053E-2,2.661619186E-1,3.038424928E-1
9.325655635E0,-1.320060194E-1,4.535269737E-2,2.703027725E-1,3.042138148E-1
9.330655635E0,-1.560303569E-1,6.197191402E-2,1.445493698E-1,2.215412167E-1
9.335655635E0,-1.235852689E-1,5.869385228E-2,-9.834289551E-3,1.371677813E-1
9.340655635E0,-1.528712362E-1,8.262158930E-2,-1.348228455E-1,2.199389496E-1
9.345655635E0,-1.792115569E-1,5.901871249E-2,-1.442012787E-1,2.374742077E-1
9.350655635E0,-1.717866063E-1,4.147686064E-2,-4.406166077E-2,1.821329131E-1
9.355655635E0,-1.889781803E-1,3.551533818E-2,7.026767731E-2,2.047233215E-1
9.360655635E0,-1.780364811E-1,2.460422367E-2,1.656379700E-1,2.444141844E-1
9.365655635E0,-1.410745233E-1,1.036005840E-2,1.997041702E-1,2.447265976E-1
9.370655635E0,-1.350539029E-1,2.947380394E-2,1.577634811E-1,2.097559958E-1
9.375655635E0,-1.411098093E-1,4.253980517E-2,5.974197388E-2,1.590305529E-1
9.380655635E0,-1.453253925E-1,5.469276384E-2,-2.780914307E-2,1.577470017E-1
9.385655635E0,-1.498548687E-1,5.940919742E-2,-9.825897217E-2,1.887876055E-1
9.390655635E0,-1.696353555E-1,6.212050095E-2,-6.025218964E-2,1.904348624E-1
9.395655635E0,-1.691032946E-1,5.580820143E-2,1.278877258E-2,1.785330006E-1
9.400655635E0,-1.707305312E-1,4.656893760E-2,8.087539673E-2,1.945723774E-1
9.405655635E0,-1.715096086E-1,3.538180143E-2,1.189794540E-1,2.117156778E-1
9.410655635E0,-1.527787596E-1,3.021832183E-2,1.361083984E-1,2.068332480E-1
9.415655635E0,-1.530759782E-1,2.087993920E-2,8.270263672E-2,1.752368485E-1
9.420655635E0,-1.596382707E-1,1.750238985E-2,1.524162292E-2,1.613165156E-1
9.425655635E0,-1.526009291E-1,3.770121932E-2,-2.991199493E-2,1.600098527E-1
9.430655635E0,-1.512943059E-1,4.532263801E-2,-4.381465912E-2,1.639019002E-1
9.435655635E0,-1.512545794E-1,6.193134189E-2,-1.354217529E-4,1.634425197E-1
9.440655635E0,-4.827332497E-2,1.544107795E-1,6.286334991E-2,1.735649835E-1
9.445655635E0,-1.999668628E-1,1.008413583E-1,5.033302307E-2,2.295411488E-1
9.450655635E0,-2.316845804E-1,1.193637028E-2,6.776809692E-2,2.416872705E-1
9.455655635E0,-1.925713569E-1,-4.204742610E-3,1.621246338E-3,1.926240790E-1
9.460655635E0,-1.172352284E-1,7.659822702E-2,-1.584320068E-1,2.114523302E-1
9.465655635E0,-6.467622519E-2,-4.478980601E-2,-1.990709305E-1,2.140522744E-1
9.470655635E0,-2.276457101E-2,1.239803508E-1,-1.668338776E-1,2.091002051E-1
9.475655635E0,3.751373589E-1,8.866907954E-1,-4.887332916E-1,1.079726278E0
9.480655635E0,4.647768736E-1,1.386573553E0,2.039937973E-1,1.476555867E0
9.485655635E0,-3.303924203E-1,1.099518061E0,6.193656921E-1,1.304497213E0
9.490655635E0,-7.700887918E-1,8.350215554E-1,6.569366455E-1,1.312197966E0
9.495655635E0,-9.830731153E-1,5.463393927E-1,6.776571274E-1,1.313064608E0
9.500655635E0,-1.245478272E0,3.261383176E-1,3.200130463E-1,1.326646403E0
9.505655635E0,-1.656167269E0,-6.527750939E-2,-1.929283142E-2,1.657565501E0
9.510655635E0,-2.038819551E0,-5.037274957E-1,-2.113256454E-1,2.110730935E0
9.515655635E0,-2.132984161E0,-7.880523801E-1,-3.560142517E-1,2.301606859E0
9.520655635E0,-2.085943460E0,-1.008314729E0,-4.182710648E-1,2.354317183E0
9.525655635E0,-1.948777318E0,-1.070247531E0,-3.979549408E-1,2.258656890E0
9.530655635E0,-1.730375886E0,-9.462308288E-1,-3.879117966E-1,2.009982351E0
9.535655635E0,-1.500026345E0,-7.741059065E-1,-2.612609863E-1,1.708091418E0
9.540655635E0,-1.588177204E0,-7.691563368E-1,-8.829307556E-1,1.973189049E0
9.545655635E0,-2.329096317E0,-1.070360661E0,-2.900082588E0,3.870509090E0
9.550655635E0,-2.666538477E0,-1.519523382E0,-4.139414787E0,5.153070302E0
9.555655635E0,-2.209415436E0,-1.711125970E0,-9.087829590E-1,2.938597475E0
9.560655635E0,-1.370823264E0,-1.500522137E0,3.303444862E0,3.878591376E0
9.565655635E0,-3.577935398E-1,-8.608161211E-1,5.781550407E0,5.856222821E0
9.570655635E0,3.663969338E-1,-1.538504362E-1,5.367736816E0,5.382426516E0
9.575655635E0,3.578195572E-1,2.546689212E-1,2.889014244E0,2.922207111E0
9.580655635E0,-1.201329529E-1,5.239684582E-1,3.594112396E-2,5.387639891E-1
9.585655635E0,-8.505259752E-1,7.072003484E-1,-1.902998924E0,2.201120549E0
9.590655635E0,-2.245417356E0,6.204826236E-1,-2.445497990E0,3.377478084E0
9.595655635E0,-3.810124159E0,6.035664082E-1,-1.675563812E0,4.205811765E0
9.600655635E0,-4.917074680E0,5.426518917E-1,-1.441774368E-1,4.949028351E0
9.605655635E0,-6.066947937E0,3.863871396E-1,1.356931686E0,6.228837443E0
9.610655635E0,-6.927252769E0,1.413030624E-1,1.873732567E0,7.177581154E0
9.615655635E0,-7.588728428E0,-1.584879309E-1,1.053210258E0,7.663104425E0
9.620655635E0,-7.873894215E0,-5.571660995E-1,-3.270835876E-1,7.900356184E0
9.625655635E0,-7.972377300E0,-1.021967888E0,-1.315015793E0,8.144475718E0
9.630655635E0,-7.613873959E0,-1.555240750E0,-1.472142220E0,7.909301686E0
9.635655635E0,-6.992992878E0,-2.088631868E0,-7.301588058E-1,7.334675477E0
9.640655635E0,-6.423720837E0,-2.404424906E0,4.706697464E-1,6.875098437E0
9.645655635E0,-6.175425529E0,-2.718633175E0,1.330875397E0,6.877359677E0
9.650655635E0,-6.087893486E0,-2.925194025E0,1.347865105E0,6.887375953E0
9.655655635E0,-5.987982750E0,-3.132133484E0,6.150827408E-1,6.785611568E0
9.660655635E0,-5.679994106E0,-3.236345291E0,1.793317795E-1,6.539757165E0
9.665655635E0,-5.851245880E0,-3.370842934E0,-2.590017319E-1,6.757717243E0
9.670655635E0,-5.490970612E0,-3.467186689E0,-5.131740570E-1,6.514252790E0
9.675655635E0,-5.243244648E0,-3.664235830E0,-1.056203842E-1,6.397608485E0
9.680655635E0,-4.606909752E0,-3.893114328E0,5.437278748E-1,6.056038031E0
9.685655635E0,-4.324055195E0,-4.177342892E0,8.208942413E-1,6.068073361E0
9.690655635E0,-4.086502552E0,-4.382036209E0,5.451402664E-1,6.016554027E0
9.695655635E0,-3.624285698E0,-4.505665779E0,9.804821014E-2,5.783258976E0
9.700655635E0,-2.893195629E0,-4.506246567E0,4.142284393E-2,5.355236215E0
9.705655635E0,-2.750711918E0,-4.451364517E0,1.551046371E-1,5.234989930E0
9.710655635E0,-2.532288551E0,-4.570467472E0,3.681287766E-1,5.238050880E0
9.715655635E0,-2.718680382E0,-4.673882008E0,5.396566391E-1,5.433932768E0
9.720655635E0,-2.513040304E0,-4.769129753E0,6.327075958E-1,5.427733327E0
9.725655635E0,-2.936067104E0,-4.777021408E0,3.794374466E-1,5.619999675E0
9.730655635E0,-3.330053091E0,-4.692565441E0,-5.044670105E-1,5.776150186E0
9.735655635E0,-3.226064444E0,-4.678417683E0,-7.845993042E-1,5.736783060E0
9.740655635E0,-2.895081282E0,-4.642697811E0,-6.611585617E-1,5.511194901E0
9.745655635E0,-2.311068058E0,-4.741158485E0,-6.429996490E-1,5.313479830E0
9.750655635E0,-1.428994656E0,-4.971417427E0,-4.981670380E-1,5.196651552E0
9.755655635E0,-9.204010367E-1,-5.378834724E0,-5.214843750E-1,5.481874407E0
9.760655635E0,-7.177655101E-1,-6.046323299E0,-7.035474777E-1,6.129289667E0
9.765655635E0,-2.893845141E-1,-6.389891148E0,-9.236602783E-1,6.462785822E0
9.770655635E0,2.321864963E-1,-6.498631477E0,-9.257774353E-1,6.568347243E0
9.775655635E0,5.493885875E-1,-6.480937004E0,-7.660646439E-1,6.549139433E0
9.780655635E0,7.383211851E-1,-6.498764038E0,-3.270177841E-1,6.548739789E0
9.785655635E0,1.131961584E0,-6.393980026E0,3.016328812E-1,6.500407679E0
9.790655635E0,1.671492219E0,-6.236398220E0,9.369335175E-1,6.524139285E0
9.795655635E0,1.980810881E0,-6.022448063E0,1.390019417E0,6.490427289E0
9.800655635E0,2.104004622E0,-5.964052677E0,1.372924805E0,6.471605852E0
9.805655635E0,1.634797573E0,-5.705398083E0,5.854301453E-1,5.963795674E0
9.810655635E0,1.862575650E0,-5.487268925E0,6.706237793E-3,5.794769476E0
9.815655635E0,2.380961180E0,-5.158303738E0,-3.351774216E-1,5.691170134E0
9.820655635E0,3.415201426E0,-4.993098736E0,-8.484458923E-2,6.049944989E0
9.825655635E0,4.589212894E0,-4.943333626E0,8.250370026E-1,6.795447622E0
9.830655635E0,5.312508583E0,-4.967035770E0,1.719009399E0,7.473231236E0
9.835655635E0,5.046667576E0,-4.893928051E0,1.743200302E0,7.242798677E0
9.840655635E0,4.530241966E0,-4.808165073E0,7.866573334E-1,6.652847015E0
9.845655635E0,4.155498981E0,-4.559426308E0,-4.757156372E-1,6.187313262E0
9.850655635E0,3.851254940E0,-4.282770157E0,-1.492856026E0,5.950033945E0
9.855655635E0,3.504769564E0,-3.985805988E0,-2.104081154E0,5.709397216E0
9.860655635E0,3.149897575E0,-3.695814848E0,-2.352149010E0,5.395693384E0
9.865655635E0,2.650631905E0,-3.439862490E0,-2.315071106E0,4.921184580E0
9.870655635E0,2.108992100E0,-3.320323706E0,-1.964077473E0,4.396589304E0
9.875655635E0,1.837350726E0,-3.145777464E0,-1.097847939E0,3.804871041E0
9.880655635E0,2.100377798E0,-2.985239744E0,1.322698593E-1,3.652497576E0
9.885655635E0,2.568706036E0,-2.808393002E0,1.683569908E0,4.161697921E0
9.890655635E0,2.898570061E0,-2.647376776E0,2.729939461E0,4.781514577E0
9.895655635E0,2.935064077E0,-2.363003016E0,2.715016365E0,4.644318922E0
9.900655635E0,2.815591335E0,-2.128461361E0,1.716663361E0,3.924899416E0
9.905655635E0,2.451874733E0,-1.888273358E0,4.650964737E-1,3.129469717E0
9.910655635E0,2.206779242E0,-1.735540032E0,-4.663677216E-1,2.845957251E0
9.915655635E0,2.262824535E0,-1.698355317E0,-7.219848633E-1,2.919939692E0
9.920655635E0,2.374777079E0,-1.709566355E0,-5.140047073E-1,2.970923111E0
9.925655635E0,2.556620359E0,-1.717610121E0,-1.481304169E-1,3.083575005E0
9.930655635E0,2.724914789E0,-1.669794798E0,-3.110599518E-2,3.195988557E0
9.935655635E0,2.805845022E0,-1.482720256E0,-2.642278671E-1,3.184500277E0
9.940655635E0,2.712327957E0,-1.137695670E0,-6.594457626E-1,3.014289817E0
9.945655635E0,2.656070709E0,-8.406346440E-1,-9.431047440E-1,2.941228447E0
9.950655635E0,2.705401182E0,-6.399704218E-1,-8.281488419E-1,2.900790961E0
9.955655635E0,2.803601980E0,-5.433782339E-1,-3.002462387E-1,2.871513847E0
9.960655635E0,2.384156942E0,-5.002276897E-1,4.796009064E-1,2.482830864E0
9.965655635E0,2.445805371E-1,-1.704718173E-1,1.143490791E0,1.181715477E0
9.970655635E0,-6.736825705E-1,1.557331085E-1,1.455050468E0,1.610985063E0
9.975655635E0,-7.381862402E-2,1.204658747E-1,1.310386658E0,1.317981187E0
9.980655635E0,1.119956076E-1,-1.418814510E-1,5.511445999E-1,5.800290788E-1
9.985655635E0,-3.520776033E-1,-5.959793925E-2,-3.274698257E-1,4.845070071E-1
9.990655635E0,-1.874952912E-1,8.509612083E-2,-8.820142746E-1,9.057289962E-1
9.995655635E0,-1.256855726E-1,3.920364380E-2,-1.065760612E0,1.073861943E0
1.000065564E1,-2.255676985E-1,-1.980468631E-2,-8.460798264E-1,8.758562010E-1
1.000565564E1,-7.649205625E-2,5.313745141E-2,-3.487939835E-1,3.610150500E-1
1.001065564E1,-1.634341478E-2,5.742475390E-2,7.574272156E-2,9.644516285E-2
1.001565564E1,-6.726056337E-3,-3.601148725E-2,3.553895950E-1,3.572727688E-1
1.002065564E1,5.640441179E-2,-3.711649776E-2,5.352001190E-1,5.394425451E-1
1.002565564E1,7.750093937E-3,-3.573922813E-2,5.840854645E-1,5.852291741E-1
1.003065564E1,-5.129015446E-2,-8.982931077E-2,5.149717331E-1,5.252579089E-1
1.003565564E1,-7.491680980E-2,-7.211260498E-2,3.253793716E-1,3.415911177E-1
1.004065564E1,-8.516278863E-2,-2.047002316E-2,7.285022736E-2,1.139248789E-1
1.004565564E1,-7.890924811E-2,-2.751332521E-2,-1.695814133E-1,1.890542468E-1
1.005065564E1,-7.722486556E-2,1.000317931E-2,-3.293790817E-1,3.384587463E-1
1.005565564E1,-7.766783237E-2,5.403953791E-2,-3.559284210E-1,3.682901095E-1
1.006065564E1,-8.475498855E-2,2.345305681E-2,-2.959270477E-1,3.087171384E-1
1.006565564E1,-9.585450590E-2,1.488330960E-2,-1.353254318E-1,1.665009661E-1
1.007065564E1,-8.042147756E-2,-2.737551928E-3,4.817771912E-2,9.378806354E-2
1.007565564E1,-7.372739911E-2,-2.566792071E-2,2.318630219E-1,2.446528815E-1
1.008065564E1,-5.964389443E-2,-5.846223235E-2,3.649339676E-1,3.743688388E-1
1.008565564E1,-3.692895174E-2,-6.270423532E-2,4.081783295E-1,4.146144200E-1
1.009065564E1,-2.503633499E-2,-5.350610614E-2,2.811841965E-1,2.873225954E-1
1.009565564E1,-1.018804312E-2,-3.412321210E-2,8.389759064E-2,9.114272073E-2
1.010065564E1,-3.420102596E-2,-8.434653282E-3,-1.281547546E-1,1.329078428E-1
1.010565564E1,-4.509326816E-2,1.038268209E-2,-2.502079010E-1,2.544507745E-1
1.011065564E1,-9.011414647E-2,1.607042551E-2,-2.526473999E-1,2.687183035E-1
1.011565564E1,-1.101179719E-1,1.554501057E-2,-1.207838058E-1,1.641838690E-1
1.012065564E1,-1.168520749E-1,8.796811104E-3,4.226875305E-2,1.245730259E-1
1.012565564E1,-1.056509912E-1,-4.142940044E-3,1.615409851E-1,1.930667909E-1
1.013065564E1,-6.394842267E-2,-2.608186007E-2,2.100992203E-1,2.211590978E-1
1.013565564E1,-2.038162947E-2,-3.860734403E-2,1.924209595E-1,1.973113364E-1
1.014065564E1,-7.630914450E-3,-4.079738259E-2,1.209955215E-1,1.279162754E-1
1.014565564E1,-1.031047106E-2,-3.244614601E-2,5.132961273E-2,6.159372815E-2
1.015065564E1,-2.701041102E-2,-2.922925353E-2,-1.466464996E-2,4.241419013E-2
1.015565564E1,-6.257274747E-2,-1.591941714E-2,-5.870056152E-2,8.726128862E-2
1.016065564E1,-9.486192465E-2,-6.618142128E-3,-6.030082703E-2,1.126000635E-1
1.016565564E1,-1.065053344E-1,1.259326935E-2,-3.273391724E-2,1.121315568E-1
1.017065564E1,-1.229264736E-1,1.179474592E-2,3.139877319E-2,1.274202374E-1
1.017565564E1,-4.758630097E-1,-8.508250117E-2,8.460712433E-2,4.907575791E-1
1.018065564E1,2.442407608E-2,-1.972804368E-1,1.336364746E-1,2.395304022E-1
1.018565564E1,4.998269975E-1,7.350423932E-2,5.093479156E-2,5.077639743E-1
1.019065564E1,-3.893457055E-1,9.034070373E-2,-1.148176193E-1,4.158540692E-1
1.019565564E1,1.511825919E-1,-9.268763661E-2,7.353878021E-2,1.919768899E-1
1.020065564E1,3.380176425E-1,1.450682580E-1,1.829824448E-1,4.108324491E-1
1.020565564E1,-1.154659986E-1,1.791674495E-1,2.579784393E-2,2.147065452E-1
1.021065564E1,-1.988080889E-1,-3.096142411E-2,-2.993583679E-3,2.012268062E-1
1.021565564E1,-2.093908191E-1,1.728284359E-1,1.111259460E-1,2.933652318E-1
1.022065564E1,-3.641395569E-1,1.160269678E-1,4.186534882E-2,3.844640186E-1
1.022565564E1,-2.980010211E-1,-2.287344187E-1,-8.687400818E-2,3.855789624E-1
1.023065564E1,-1.769535393E-1,-1.276991665E-1,-6.073951721E-3,2.183037450E-1
1.023565564E1,-1.012104750E-1,-8.288303018E-2,6.446743011E-2,1.458396602E-1
1.024065564E1,1.274088025E-1,-2.314114571E-1,1.252746582E-2,2.644639915E-1
1.024565564E1,2.166262865E-1,-3.855648637E-2,2.593994141E-4,2.200309477E-1
1.025065564E1,1.335357130E-1,7.822024822E-2,7.018089294E-2,1.699280777E-1
1.025565564E1,7.188010216E-2,-3.846287727E-3,1.535768509E-1,1.696095285E-1
1.026065564E1,-8.893305063E-2,1.176628470E-2,2.125616074E-1,2.307162107E-1
1.026565564E1,-2.488247752E-1,6.755822897E-2,1.526403427E-1,2.996280315E-1
1.027065564E1,-2.320306450E-1,-2.992381155E-2,2.617359161E-2,2.354117916E-1
1.027565564E1,-1.741942167E-1,-8.871656656E-2,-9.585571289E-2,2.177213173E-1
1.028065564E1,-1.081139743E-1,-3.847013414E-2,-1.696243286E-1,2.047950085E-1
1.028565564E1,6.179749966E-2,-8.391016722E-2,-1.541976929E-1,1.861095796E-1
1.029065564E1,1.244536936E-1,-7.326245308E-2,-2.885532379E-2,1.472709700E-1
1.029565564E1,7.250827551E-2,-8.132725954E-3,1.404190063E-1,1.582437632E-1
1.030065564E1,6.516146660E-2,-2.209886909E-2,2.319393158E-1,2.419302027E-1
1.030565564E1,-3.876745701E-2,2.244380116E-2,2.266530991E-1,2.310373720E-1
1.031065564E1,-1.558074206E-1,5.395796895E-2,1.958141327E-1,2.559894320E-1
1.031565564E1,-2.038961351E-1,2.750608325E-2,9.465217590E-2,2.264713071E-1
1.032065564E1,-1.774381995E-1,2.532133460E-2,-3.454303741E-2,1.825341230E-1
1.032565564E1,-1.419970989E-1,5.040079355E-2,-1.376266479E-1,2.040698663E-1
1.033065564E1,-5.441662669E-2,4.878729582E-3,-1.649780273E-1,1.737892999E-1
1.033565564E1,3.619024158E-2,-3.243814409E-2,-1.223011017E-1,1.316036711E-1
1.034065564E1,4.454469681E-2,-3.861705959E-2,-1.729869843E-2,6.143901262E-2
1.034565564E1,3.392904997E-2,-6.988146901E-2,1.112804413E-1,1.357126993E-1
1.035065564E1,-1.269388199E-2,-6.958290935E-2,2.109937668E-1,2.225337852E-1
1.035565564E1,-6.637528539E-2,-4.877439141E-2,2.422828674E-1,2.559015585E-1
1.036065564E1,-1.278647780E-1,-2.561229467E-2,1.870365143E-1,2.280088787E-1
1.036565564E1,-1.271553338E-1,5.618721247E-3,6.667041779E-2,1.436836579E-1
1.037065564E1,-8.881902695E-2,3.430292010E-2,-3.666687012E-2,1.020292568E-1
1.037565564E1,-8.943864703E-2,3.624740243E-2,-1.215791702E-1,1.552244839E-1
1.038065564E1,-3.082789481E-2,1.441389322E-2,-1.428613663E-1,1.468587396E-1
1.038565564E1,1.277750731E-2,-8.476912975E-3,-1.062898636E-1,1.073902130E-1
1.039065564E1,-2.486333251E-2,-4.069212079E-2,-7.222175598E-3,4.823063154E-2
1.039565564E1,-3.019474447E-2,-7.065658271E-2,1.356096268E-1,1.558654745E-1
1.040065564E1,-5.212077498E-2,-6.255306304E-2,2.155418396E-1,2.304077809E-1
1.040565564E1,-8.675798774E-2,-4.779341817E-2,2.273426056E-1,2.479835067E-1
1.041065564E1,-7.810997963E-2,-2.091988921E-2,1.575384140E-1,1.770795374E-1
1.041565564E1,-6.469279528E-2,4.101037979E-3,3.297138214E-2,7.272611851E-2
1.042065564E1,-4.699715972E-2,3.350201249E-2,-6.401157379E-2,8.618932325E-2
1.042565564E1,-3.269034624E-2,2.817630768E-2,-1.211509705E-1,1.286084006E-1
1.043065564E1,-2.438706160E-2,2.185368538E-2,-9.513664246E-2,1.006145769E-1
1.043565564E1,-4.856796563E-2,8.262306452E-3,-4.463863373E-2,6.648097934E-2
1.044065564E1,-5.844196677E-2,-4.077643156E-3,4.479503632E-2,7.374744696E-2
1.044565564E1,-7.128329575E-2,-3.222176433E-2,1.171827316E-1,1.408947939E-1
1.045065564E1,-8.628302813E-2,-2.972143888E-2,1.575517654E-1,1.820732920E-1
1.045565564E1,-8.003973961E-2,-2.514351904E-2,1.454238892E-1,1.678888442E-1
1.046065564E1,-5.345217884E-2,-6.898403168E-3,6.952381134E-2,8.796751521E-2
1.046565564E1,-5.107083917E-2,-9.350776672E-3,1.084423065E-2,5.304022036E-2
1.047065564E1,-4.767030478E-2,-5.591213703E-3,-4.412746429E-2,6.519933077E-2
1.047565564E1,-4.431648552E-2,-2.690941095E-3,-4.288101196E-2,6.172498068E-2
1.048065564E1,-6.739632785E-2,-1.053544879E-2,-2.179813385E-2,7.161298296E-2
1.048565564E1,-6.735175848E-2,-1.624952257E-2,3.088569641E-2,7.585665822E-2
1.049065564E1,-7.991278172E-2,-2.298787236E-2,6.556320190E-2,1.058915880E-1
1.049565564E1,-6.462578475E-2,-2.479013801E-2,1.036520004E-1,1.246385983E-1
1.050065564E1,-7.313723862E-2,-2.198542655E-2,9.212589264E-2,1.196645091E-1
1.050565564E1,-4.199454188E-2,-1.058322191E-2,7.284736633E-2,8.474836232E-2
1.051065564E1,-3.525796533E-2,3.285944462E-3,2.474880219E-2,4.320213837E-2
1.051565564E1,-3.313678503E-2,4.631787539E-3,4.694938660E-3,3.378671968E-2
1.052065564E1,-2.819350362E-2,3.012537956E-3,-3.340339661E-2,4.381479129E-2
1.052565564E1,-2.816152573E-2,-7.361084223E-3,-2.550220490E-2,3.869908974E-2
1.053065564E1,-5.359181762E-2,-1.874923706E-2,1.036643982E-2,5.771550814E-2
1.053565564E1,-5.885200202E-2,-2.932682633E-2,4.973983765E-2,8.244799776E-2
1.054065564E1,-6.978103518E-2,-2.090102434E-2,7.464027405E-2,1.042948522E-1
1.054565564E1,-5.065801740E-2,-1.994794607E-2,8.081436157E-2,9.744288745E-2
1.055065564E1,-4.637004435E-2,-1.615172625E-2,5.876922607E-2,7.658251241E-2
1.055565564E1,-2.864426374E-2,-1.571416855E-3,2.923965454E-2,4.096242905E-2
1.056065564E1,-1.580929756E-2,1.159343123E-2,-5.846023560E-4,1.961334487E-2
1.056565564E1,-2.398745716E-2,7.339358330E-3,-1.062870026E-2,2.724396356E-2
1.057065564E1,-3.214719892E-2,-1.916569471E-2,-1.158618927E-2,3.917915305E-2
1.057565564E1,-2.513793111E-2,-3.908888996E-2,2.297878265E-2,5.184478133E-2
1.058065564E1,-5.693063140E-2,-3.479100764E-2,3.876495361E-2,7.716367431E-2
1.058565564E1,-5.645522475E-2,-2.703922987E-2,6.255817413E-2,8.849766949E-2
1.059065564E1,-4.760369658E-2,-1.917625964E-2,6.071758270E-2,7.950135666E-2
1.059565564E1,-5.406738818E-2,-2.935290337E-3,5.277919769E-2,7.561443052E-2
1.060065564E1,-4.326318204E-2,2.665966749E-3,2.387523651E-2,4.948572741E-2
1.060565564E1,-2.958866954E-2,1.477158070E-2,1.120567322E-3,3.308994760E-2
1.061065564E1,-4.438076913E-2,1.350787282E-2,6.224632263E-3,4.680663782E-2
1.061565564E1,-3.295081854E-2,3.206044436E-3,3.546714783E-3,3.329586084E-2
1.062065564E1,-5.278629065E-2,-1.531681418E-2,2.367210388E-2,5.984451336E-2
1.062565564E1,-4.106135666E-2,-2.516885102E-2,2.670383453E-2,5.506905530E-2
1.063065564E1,-4.276353121E-2,-2.774265409E-2,4.371643066E-2,6.715281652E-2
1.063565564E1,-4.705451429E-2,-3.421437740E-2,3.547954559E-2,6.814359171E-2
1.064065564E1,-2.421687543E-2,-1.275703311E-2,5.002021790E-2,5.701948042E-2
1.064565564E1,-3.991554677E-2,-1.779526472E-3,3.419113159E-2,5.258755621E-2
1.065065564E1,-3.592117131E-2,-2.493649721E-3,1.951026917E-2,4.095362548E-2
1.065565564E1,-2.557715774E-2,-1.927822828E-3,4.371643066E-3,2.601958420E-2
1.066065564E1,-3.260737658E-2,1.656651497E-3,-6.192207336E-3,3.323144494E-2
1.066565564E1,-3.886619210E-2,-7.908463478E-3,5.276679993E-3,4.001209861E-2
1.067065564E1,-3.761844337E-2,-8.831560612E-3,2.214241028E-2,4.453571687E-2
1.067565564E1,-4.990516603E-2,-2.201667428E-2,3.678417206E-2,6.579008175E-2
1.068065564E1,-3.361746669E-2,-3.520068526E-2,3.393936157E-2,5.933887910E-2
1.068565564E1,-2.983990312E-2,-1.239407063E-2,3.912925720E-2,5.074575424E-2
1.069065564E1,-3.824739158E-2,-1.070609689E-2,3.273105621E-2,5.146654753E-2
1.069565564E1,-2.217611670E-2,-5.486845970E-3,2.294063568E-2,3.237527446E-2
1.070065564E1,-4.480092227E-2,7.184118032E-3,1.332378387E-2,4.728908336E-2
1.070565564E1,-3.872101009E-2,5.289256573E-3,1.333141327E-2,4.129188101E-2
1.071065564E1,-4.882746935E-2,-5.560517311E-4,1.611042023E-2,5.141961295E-2
1.071565564E1,-4.875569046E-2,-6.428509951E-3,2.213096619E-2,5.392794040E-2
1.072065564E1,-3.486996889E-2,-1.577730477E-2,3.028964996E-2,4.880882063E-2
1.072565564E1,-3.030791879E-2,-7.109373808E-3,3.106594086E-2,4.397960685E-2
1.073065564E1,-3.593042493E-2,-1.549354196E-2,3.386974335E-2,5.175137479E-2
1.073565564E1,-2.387046814E-2,-2.426239848E-2,2.896690369E-2,4.469390046E-2
1.074065564E1,-2.708138525E-2,-1.109749079E-2,2.779483795E-2,4.036221929E-2
1.074565564E1,-2.514936030E-2,-5.574852228E-3,2.429485321E-2,3.540916821E-2
1.075065564E1,-3.115944564E-2,-3.860712051E-3,1.239109039E-2,3.375433708E-2
1.075565564E1,-3.453871608E-2,-1.173853874E-2,1.648426056E-2,4.003057639E-2
1.076065564E1,-3.294996917E-2,-1.154680550E-2,1.265716553E-2,3.713802667E-2
1.076565564E1,-2.886837721E-2,-1.291155815E-2,1.850986481E-2,3.664296156E-2
1.077065564E1,-3.653858602E-2,-1.701682806E-2,1.655101776E-2,4.357266224E-2
1.077565564E1,-2.860125899E-2,-1.067197323E-2,2.642536163E-2,4.037601721E-2
1.078065564E1,-3.259645402E-2,-1.143234968E-2,1.799678802E-2,3.895011956E-2
1.078565564E1,-2.312374115E-2,-9.691119194E-3,2.917289734E-2,3.846664965E-2
1.079065564E1,-2.687555552E-2,-5.314797163E-3,2.297019958E-2,3.575154014E-2
1.079565564E1,-2.493359149E-2,-1.096393168E-2,2.357673645E-2,3.602435681E-2
1.080065564E1,-3.598853946E-2,-1.179172099E-2,1.843357086E-2,4.211907158E-2
1.080565564E1,-2.734264731E-2,-4.468351603E-3,1.653385162E-2,3.226383080E-2
1.081065564E1,-2.736820281E-2,2.851396799E-3,1.458740234E-2,3.114388055E-2
1.081565564E1,-2.857746184E-2,-6.473064423E-3,1.435852051E-2,3.263033863E-2
1.082065564E1,-2.398510277E-2,-3.292441368E-3,4.522323608E-3,2.462877861E-2
1.082565564E1,-2.794750035E-2,-9.096652269E-3,1.508808136E-2,3.303728284E-2
1.083065564E1,-2.588590980E-2,-1.529182494E-2,2.047729492E-2,3.637636380E-2
1.083565564E1,-2.546976507E-2,-1.252600551E-2,2.246570587E-2,3.619831055E-2
1.084065564E1,-2.291493118E-2,-7.892817259E-3,2.387046814E-2,3.401749380E-2
1.084565564E1,-2.000676095E-2,-1.213103533E-2,2.227783203E-2,3.230687701E-2
1.085065564E1,-2.890169621E-2,-5.005300045E-3,1.688003540E-2,3.384223201E-2
1.085565564E1,-3.517778218E-2,-5.054861307E-3,2.100658417E-2,4.128322371E-2
1.086065564E1,-3.563025594E-2,2.967387438E-3,1.357650757E-2,3.824450397E-2
1.086565564E1,-2.811886370E-2,-4.285812378E-3,1.899719238E-2,3.420426877E-2
1.087065564E1,-3.024776280E-2,-8.521109819E-3,4.799842834E-3,3.178954165E-2
1.087565564E1,-1.592761278E-2,1.941767335E-2,1.549148560E-2,2.950798219E-2
1.088065564E1,1.565515995E-3,3.130251169E-2,1.289176941E-2,3.388946440E-2
1.088565564E1,-1.176035404E-2,-3.115740418E-2,8.722305298E-3,3.442627445E-2
1.089065564E1,9.295374155E-3,9.223103523E-3,2.048778534E-2,2.431499470E-2
1.089565564E1,-1.929701865E-2,2.060288191E-2,3.690242767E-2,4.646119714E-2
1.090065564E1,-5.094578862E-2,-4.780817032E-2,2.396297455E-2,7.386012914E-2
1.090565564E1,-3.744474053E-2,-2.711156011E-2,2.366256714E-2,5.193324916E-2
1.091065564E1,-2.268865705E-2,2.065560222E-2,2.706432343E-2,4.091340445E-2
1.091565564E1,-4.289968312E-2,-2.571794391E-2,2.098846436E-2,5.424307409E-2
1.092065564E1,-3.375883400E-2,-1.166173816E-2,2.547931671E-2,4.387311922E-2
1.092565564E1,-1.635693014E-2,2.029836178E-2,1.100254059E-2,2.829538043E-2
1.093065564E1,-2.135397494E-2,-7.650852203E-4,7.033348083E-3,2.249545702E-2
1.093565564E1,-2.612978220E-2,-1.254460216E-2,2.574920654E-5,2.898505173E-2
1.094065564E1,-2.779483795E-2,-7.405161858E-3,1.626110077E-2,3.304259126E-2
1.094565564E1,-2.353081107E-2,-1.462648809E-2,2.343750000E-2,3.628980063E-2
1.095065564E1,-4.240746796E-2,-2.932035923E-2,4.820156097E-2,7.057951037E-2
1.095565564E1,-2.478343248E-2,-1.096636057E-3,3.221702576E-2,4.066150372E-2
1.096065564E1,-3.583379090E-2,-1.616217196E-2,1.066398621E-2,4.073078657E-2
1.096565564E1,-1.437370479E-2,-2.212157845E-2,-1.023674011E-2,2.829767607E-2
1.097065564E1,-3.192380071E-3,1.949974895E-2,1.541709900E-2,2.506229122E-2
1.097565564E1,-1.224452257E-2,8.944720030E-3,1.071739197E-2,1.856875979E-2
1.098065564E1,-1.767116785E-2,-8.240118623E-3,2.724742889E-2,3.350510572E-2
1.098565564E1,-2.360780537E-2,-5.263984203E-4,2.138710022E-2,3.185927848E-2
1.099065564E1,-3.632755578E-2,-6.951898336E-3,5.642890930E-3,3.741473529E-2
1.099565564E1,-5.382169783E-2,-4.424467683E-2,1.270866394E-2,7.082285453E-2
1.100065564E1,-5.485220253E-2,-2.776011825E-2,1.964950562E-2,6.454061790E-2
1.100565564E1,-2.792242169E-2,-1.941974461E-2,4.061222076E-2,5.297301756E-2
1.101065564E1,-2.415847778E-2,-3.676056862E-2,3.420257568E-2,5.572062129E-2
1.101565564E1,-9.563058615E-3,1.076233387E-2,1.040458679E-2,1.776331463E-2
1.102065564E1,8.048042655E-3,3.236529231E-2,-8.197784424E-3,3.434365744E-2
1.102565564E1,4.183664918E-3,9.542971849E-3,-4.535675049E-3,1.136414150E-2
1.103065564E1,-1.877941191E-2,9.942501783E-3,1.077651978E-3,2.127630107E-2
1.103565564E1,-2.382008731E-2,9.596258402E-3,3.664398193E-2,4.474668867E-2
1.104065564E1,-4.142166674E-2,-2.147692442E-2,2.702808380E-2,5.392151771E-2
1.104565564E1,-5.692644417E-2,-1.213017106E-2,2.053451538E-2,6.172055912E-2
1.105065564E1,-3.005869687E-2,-1.859176159E-2,7.801055908E-3,3.619441020E-2
1.105565564E1,-2.051074803E-2,-2.567397058E-2,1.998329163E-2,3.846005063E-2
1.106065564E1,-1.195073128E-5,-1.342415810E-2,4.189491272E-3,1.406271668E-2
1.106565564E1,-1.711495221E-2,-1.001465321E-2,2.229690552E-3,1.995460819E-2
1.107065564E1,-1.012247801E-2,1.241326332E-3,-5.066871643E-3,1.138765298E-2
1.107565564E1,-7.273495197E-3,1.610606909E-3,9.924888611E-3,1.240972203E-2
1.108065564E1,-1.668645442E-2,-4.530549049E-4,1.498222351E-2,2.243011460E-2
1.108565564E1,-3.199142218E-2,-6.743937731E-3,2.756690979E-2,4.276524645E-2
1.109065564E1,-4.091465473E-2,1.042568684E-2,1.674175262E-2,4.542015190E-2
1.109565564E1,-3.541690111E-2,-4.981815815E-3,8.605957031E-3,3.678638158E-2
1.110065564E1,-1.787741482E-2,-1.037186384E-2,-1.658153534E-2,2.649763828E-2
1.110565564E1,-6.234511733E-3,-6.740897894E-3,-1.122474670E-3,9.250340013E-3
1.111065564E1,3.779053688E-3,-1.713214815E-2,7.291793823E-3,1.899900008E-2
1.111565564E1,1.300966740E-2,-1.695445180E-2,2.557468414E-2,3.332820653E-2
1.112065564E1,-8.631750941E-3,-1.896417141E-2,2.366447449E-2,3.153021209E-2
1.112565564E1,-2.369728684E-2,-1.002961397E-2,2.862930298E-2,3.849404563E-2
1.113065564E1,-3.208430111E-2,8.972436190E-3,3.933334351E-2,5.154627921E-2
1.113565564E1,-2.347636223E-2,2.583670616E-2,4.151821136E-2,5.424423328E-2
1.114065564E1,-4.337872565E-2,-1.520378888E-2,1.997947693E-3,4.600935590E-2
1.114565564E1,9.684085846E-3,3.430426121E-3,-1.879405975E-2,2.141882406E-2
1.115065564E1,-9.331882000E-3,3.519535065E-3,-3.534412384E-2,3.672435484E-2
1.115565564E1,5.266442895E-3,-2.663914859E-2,-1.373195648E-2,3.042936554E-2
1.116065564E1,1.541486382E-2,-1.569718122E-2,2.488803864E-2,3.321797694E-2
1.116565564E1,-4.059189558E-2,-2.323731780E-2,2.709197998E-2,5.405229232E-2
1.117065564E1,8.102029562E-3,-3.877508640E-2,3.617095947E-2,5.364222700E-2
1.117565564E1,-5.500373244E-2,-1.356714964E-2,2.544307709E-2,6.210336789E-2
1.118065564E1,-7.012933493E-3,5.329251289E-4,2.697563171E-2,2.787740934E-2
1.118565564E1,-2.582247555E-2,-2.293407917E-3,-1.832866669E-2,3.174901551E-2
1.119065564E1,-2.794857323E-2,7.051736116E-3,-8.453369141E-3,3.003846164E-2
1.119565564E1,-1.118798554E-2,1.450520754E-2,3.873825073E-3,1.872374393E-2
1.120065564E1,-1.497715712E-2,1.814088225E-2,1.223659515E-2,2.651680797E-2
1.120565564E1,-1.649631560E-2,-1.762609184E-2,2.002334595E-2,3.136466044E-2
1.121065564E1,-9.653761983E-3,-1.008260250E-2,1.379013062E-3,1.402696227E-2
1.121565564E1,3.759697080E-3,-7.447928190E-3,-1.094532013E-2,1.376252118E-2
1.122065564E1,-1.019208133E-2,-1.047039032E-2,1.045989990E-2,1.796989430E-2
1.122565564E1,-8.204638958E-3,8.351802826E-4,3.098392487E-2,3.206270772E-2
1.123065564E1,-2.762107551E-2,-1.802545786E-2,3.263187408E-2,4.639698427E-2
1.123565564E1,-1.188845932E-2,-1.095876098E-2,3.316974640E-2,3.690070438E-2
1.124065564E1,-7.742270827E-3,5.879372358E-3,2.205562592E-2,2.410312037E-2
1.124565564E1,-1.994740963E-2,-1.583856344E-2,-2.099704742E-2,3.300962350E-2
1.125065564E1,-7.692828774E-3,8.592635393E-3,-1.838874817E-2,2.170619858E-2
1.125565564E1,-2.521438897E-2,4.182964563E-3,2.348613739E-2,3.471111138E-2
1.126065564E1,-2.370366454E-2,-8.005082607E-3,3.448486328E-2,4.260458726E-2
1.126565564E1,-7.100826502E-2,-1.416596770E-2,4.499626160E-2,8.524970322E-2
1.127065564E1,-1.932677180E-1,-1.565247774E-2,9.280490875E-2,2.149654901E-1
1.127565564E1,3.644780815E-2,4.867431521E-2,-7.987022400E-3,6.133045090E-2
1.128065564E1,1.377162784E-1,-1.096904278E-2,-8.726692200E-2,1.634062695E-1
1.128565564E1,6.464789808E-2,5.517214537E-3,-1.340866089E-2,6.625392493E-2
1.129065564E1,-1.039544791E-1,1.347580552E-2,4.463195801E-2,1.139304294E-1
1.129565564E1,-1.472447664E-1,-5.830308795E-2,7.681941986E-2,1.760156088E-1
1.130065564E1,-1.406355202E-1,-7.259039581E-2,8.040714264E-2,1.775190798E-1
1.130565564E1,-1.084521189E-1,-4.399639368E-2,1.910495758E-2,1.185855985E-1
1.131065564E1,-1.054635644E-2,-3.377445042E-2,-1.081972122E-1,1.138357407E-1
1.131565564E1,1.050865352E-1,-1.096764207E-2,-1.863164902E-1,2.141898774E-1
1.132065564E1,1.420342922E-1,2.216637135E-2,-1.284484863E-1,1.927799311E-1
1.132565564E1,1.049853116E-1,2.864420414E-2,3.098869324E-2,1.131490398E-1
1.133065564E1,1.997594535E-2,2.322146297E-2,1.780242920E-1,1.806403146E-1
1.133565564E1,-3.188268840E-2,9.749114513E-3,2.001237869E-1,2.028819389E-1
1.134065564E1,-5.323170125E-2,2.353245020E-2,1.140680313E-1,1.280582133E-1
1.134565564E1,-6.558896601E-2,1.691401005E-2,-2.821731567E-2,7.337719743E-2
1.135065564E1,-5.957897007E-2,5.921602249E-3,-1.192464828E-1,1.334332894E-1
1.135565564E1,-4.563325644E-2,1.356273890E-2,-1.035213470E-1,1.139430177E-1
1.136065564E1,-3.327113390E-2,2.780070901E-2,-5.041599274E-2,6.649526371E-2
1.136565564E1,-3.624902666E-2,1.294714212E-2,1.050662994E-2,3.989999618E-2
1.137065564E1,-2.189533412E-2,8.154660463E-3,3.619766235E-2,4.308334833E-2
1.137565564E1,-1.996183395E-2,-3.877013922E-3,3.297710419E-2,3.874268256E-2
1.138065564E1,-3.752052784E-2,5.882769823E-3,3.137111664E-2,4.925996294E-2
1.138565564E1,-4.152812064E-2,4.603743553E-3,3.057575226E-2,5.177505079E-2
1.139065564E1,-4.283484817E-2,6.165087223E-3,1.855182648E-2,4.708505903E-2
1.139565564E1,-1.397347450E-2,-5.101859570E-3,1.795768738E-2,2.331877991E-2
1.140065564E1,-2.305318415E-2,4.067778587E-3,-8.833885193E-3,2.502066445E-2
1.140565564E1,4.108697176E-3,6.238907576E-3,-1.766300201E-2,1.917777360E-2
1.141065564E1,3.505736589E-3,5.913734436E-3,-2.068424225E-2,2.179679613E-2
1.141565564E1,-2.241820097E-3,2.973279357E-2,2.338409424E-3,2.990874336E-2
1.142065564E1,-1.778446138E-2,4.269534349E-2,3.302192688E-2,5.682980800E-2
1.142565564E1,-6.473889947E-2,7.027482986E-2,2.046298981E-2,9.771596988E-2
1.143065564E1,-9.002559632E-2,8.721497655E-2,9.679794312E-3,1.257169780E-1
1.143565564E1,-8.198828995E-2,1.093366742E-1,1.770687103E-2,1.378046490E-1
1.144065564E1,-1.110552400E-1,1.080030501E-1,-2.619743347E-3,1.549347870E-1
1.144565564E1,-1.356360912E-1,9.452208877E-2,6.709098816E-3,1.654587154E-1
1.145065564E1,-1.941490173E-1,8.873310685E-2,3.253078461E-2,2.159297505E-1
1.145565564E1,-2.368464321E-1,7.732802629E-2,3.449058533E-2,2.515262541E-1
1.146065564E1,-2.685920596E-1,8.163449168E-2,1.856994629E-2,2.813373911E-1
1.146565564E1,-3.466595709E-1,9.905532002E-2,-8.217811584E-3,3.606277124E-1
1.147065564E1,-3.736241460E-1,9.812024236E-2,1.493740082E-2,3.865820875E-1
1.147565564E1,-4.024563730E-1,8.486571908E-2,1.235198975E-2,4.114922771E-1
1.148065564E1,-4.435917139E-1,6.791615486E-2,1.277351379E-2,4.489425079E-1
1.148565564E1,-5.456516743E-1,6.510078907E-3,-1.103115082E-2,5.458019944E-1
1.149065564E1,-6.855254173E-1,-6.437516212E-2,-2.528572083E-2,6.890055348E-1
1.149565564E1,-8.379633427E-1,-1.907147318E-1,1.467609406E-2,8.595173415E-1
1.150065564E1,-8.526414633E-1,-3.464494944E-1,3.724098206E-2,9.210926163E-1
1.150565564E1,-8.933942318E-1,-5.100787282E-1,1.664161682E-3,1.028754748E0
1.151065564E1,-9.479361176E-1,-6.306106448E-1,-1.723957062E-2,1.138661438E0
1.151565564E1,-9.793250561E-1,-6.938830018E-1,2.337551117E-2,1.200457246E0
1.152065564E1,-9.880324006E-1,-7.581844330E-1,3.238296509E-2,1.245833181E0
1.152565564E1,-1.041553140E0,-8.790863752E-1,1.004123688E-2,1.362984455E0
1.153065564E1,-9.970986247E-1,-1.069457531E0,6.913185120E-2,1.463804731E0
1.153565564E1,-9.950253367E-1,-1.292840123E0,6.324195862E-2,1.632639137E0
1.154065564E1,-7.667032480E-1,-1.266333580E0,1.450309753E-1,1.487436920E0
1.154565564E1,-3.857195079E-1,-7.655427456E-1,1.048946381E-1,8.636191980E-1
1.155065564E1,-7.282257080E-3,1.816547811E-1,-1.006031036E-1,2.077798720E-1
1.155565564E1,3.747979403E-1,1.191202164E0,-5.096311569E-1,1.348762398E0
1.156065564E1,8.831872940E-1,1.807583570E0,-7.510051727E-1,2.147414010E0
1.156565564E1,1.340459585E0,1.828477859E0,-5.893583298E-1,2.342542726E0
1.157065564E1,1.637663603E0,1.411460876E0,-1.029720306E-1,2.164432286E0
1.157565564E1,1.747136950E0,8.513616920E-1,4.420394897E-1,1.993164109E0
1.158065564E1,1.754757881E0,4.021342397E-1,7.135505676E-1,1.936502409E0
1.158565564E1,1.667447329E0,1.007294208E-1,6.183671951E-1,1.781264999E0
1.159065564E1,1.491185665E0,-1.086883247E-1,3.428030014E-1,1.533936680E0
1.159565564E1,1.279877901E0,-3.234706521E-1,4.826736450E-2,1.321003574E0
1.160065564E1,1.030661345E0,-4.783603251E-1,-1.761188507E-1,1.149830099E0
1.160565564E1,7.299622297E-1,-5.166244507E-1,-2.779417038E-1,9.364813242E-1
1.161065564E1,4.678516984E-1,-4.283329844E-1,-2.957687378E-1,6.998810638E-1
1.161565564E1,2.741259336E-1,-2.844075561E-1,-2.222661972E-1,4.532493220E-1
1.162065564E1,1.390272975E-1,-8.231748641E-2,-1.419448853E-1,2.150653586E-1
1.162565564E1,8.028793335E-2,7.736437023E-2,-3.264617920E-2,1.161773258E-1
1.163065564E1,5.178362131E-2,1.356733292E-1,2.670478821E-2,1.476548049E-1
1.163565564E1,4.601967335E-2,7.984876633E-2,9.140205383E-2,1.297997352E-1
1.164065564E1,3.015649319E-2,-1.959165931E-2,1.545219421E-1,1.586514349E-1
1.164565564E1,9.149968624E-3,-8.320427686E-2,2.264528275E-1,2.414281605E-1
1.165065564E1,-1.046001911E-3,-1.191304550E-1,2.939205170E-1,3.171473312E-1
1.165565564E1,1.373469830E-2,-1.240390018E-1,3.872318268E-1,4.068449380E-1
1.166065564E1,7.364279032E-2,-1.128114983E-1,5.275897980E-1,5.445187689E-1
1.166565564E1,1.406426430E-1,-6.464498490E-2,7.035531998E-1,7.203793667E-1
1.167065564E1,1.729958653E-1,-4.243607074E-2,9.229364395E-1,9.399681170E-1
1.167565564E1,1.722172499E-1,-5.646903813E-2,1.176383972E0,1.190263325E0
1.168065564E1,1.471232772E-1,-7.884576917E-2,1.340480804E0,1.350833336E0
1.168565564E1,7.582175732E-2,-9.782206267E-2,1.386999130E0,1.392510209E0
1.169065564E1,2.775406837E-2,-1.049442291E-1,1.307744026E0,1.312241600E0
1.169565564E1,-1.148313284E-2,-1.174056232E-1,1.087169647E0,1.093550998E0
1.170065564E1,-3.658336401E-2,-1.419006139E-1,7.945079803E-1,8.079090652E-1
1.170565564E1,-7.104432583E-2,-8.499573171E-2,4.369926453E-1,4.508149761E-1
1.171065564E1,-8.565735817E-2,-5.577053502E-2,1.263990402E-1,1.625553843E-1
1.171565564E1,-1.210724115E-1,2.670805156E-2,-1.347188950E-1,1.830874914E-1
1.172065564E1,-1.709625721E-1,9.775593132E-2,-2.491092682E-1,3.175529100E-1
1.172565564E1,-2.371953726E-1,1.798824817E-1,-2.107896805E-1,3.647624451E-1
1.173065564E1,-2.926242352E-1,2.467796206E-1,-2.282238007E-2,3.834709705E-1
1.173565564E1,-3.854343891E-1,3.061246276E-1,2.512989044E-1,5.526509706E-1
1.174065564E1,-4.621394873E-1,3.664128184E-1,6.123857498E-1,8.502044259E-1
1.174565564E1,-5.543707609E-1,4.115904272E-1,9.686679840E-1,1.189559281E0
1.175065564E1,-6.846398711E-1,4.710819423E-1,1.348963737E0,1.584409390E0
1.175565564E1,-7.999173403E-1,4.363849163E-1,1.716515541E0,1.943379826E0
1.176065564E1,-8.123542070E-1,3.466444314E-1,2.072419167E0,2.252776714E0
1.176565564E1,-7.823241949E-1,2.437425703E-1,2.343315125E0,2.482451885E0
1.177065564E1,-7.387356758E-1,2.365256399E-1,2.555245399E0,2.670384584E0
1.177565564E1,-7.335274220E-1,2.095035613E-1,2.654902458E0,2.762328960E0
1.178065564E1,-6.436548233E-1,8.230906725E-2,2.619761467E0,2.698928761E0
1.178565564E1,-5.931069851E-1,-6.026193127E-2,2.502495766E0,2.572526473E0
1.179065564E1,-5.720868111E-1,-1.899185926E-1,2.342139244E0,2.418464106E0
1.179565564E1,-6.609592438E-1,-2.197860330E-1,2.232099533E0,2.338256048E0
1.180065564E1,-8.229711056E-1,-1.964212060E-1,2.181220055E0,2.339569118E0
1.180565564E1,-9.390797615E-1,-1.442207545E-1,2.077328682E0,2.284286514E0
1.181065564E1,-1.104310036E0,-1.167980209E-1,2.015988350E0,2.301597589E0
1.181565564E1,-1.254203796E0,-9.119797498E-2,1.975131035E0,2.341471084E0
1.182065564E1,-1.409100533E0,-6.353555620E-2,1.926252365E0,2.387477592E0
1.182565564E1,-1.571213961E0,-4.377109185E-2,1.884799004E0,2.454199768E0
1.183065564E1,-1.672320843E0,-5.841275677E-2,1.840116501E0,2.487186722E0
1.183565564E1,-1.727395058E0,-6.908002496E-2,1.741958618E0,2.454197539E0
1.184065564E1,-1.785208225E0,-9.295675904E-3,1.659264565E0,2.437255365E0
1.184565564E1,-1.786465645E0,9.747606516E-2,1.607881546E0,2.405461317E0
1.185065564E1,-1.911616802E0,1.433477700E-1,1.635910988E0,2.520125422E0
1.185565564E1,-2.072381496E0,9.953560680E-2,1.684123993E0,2.672254858E0
1.186065564E1,-2.262203217E0,2.809426188E-2,1.725479126E0,2.845282217E0
1.186565564E1,-2.414077997E0,-8.247076720E-2,1.634946823E0,2.916783351E0
1.187065564E1,-2.621630669E0,-1.935440153E-1,1.480085373E0,3.016796208E0
1.187565564E1,-2.814092398E0,-3.035309911E-1,1.208979130E0,3.077804026E0
1.188065564E1,-3.017325401E0,-3.860299587E-1,8.493824005E-1,3.158278355E0
1.188565564E1,-3.239122629E0,-4.705582261E-1,4.626073837E-1,3.305653648E0
1.189065564E1,-3.345181465E0,-6.125670075E-1,7.099628448E-3,3.400812811E0
1.189565564E1,-3.419837952E0,-8.326390386E-1,-5.076346397E-1,3.556159770E0
1.190065564E1,-3.230703831E0,-1.051911712E0,-1.065333843E0,3.560744541E0
1.190565564E1,-2.790831566E0,-1.146940351E0,-1.494091511E0,3.366975266E0
1.191065564E1,-2.049263000E0,-1.101808548E0,-1.804463863E0,2.944410086E0
1.191565564E1,-1.179793358E0,-9.101692438E-1,-1.860680819E0,2.383789741E0
1.192065564E1,-5.382261276E-1,-5.819780231E-1,-1.442749262E0,1.646180797E0
1.192565564E1,-6.482963562E-1,-3.373686671E-1,-2.060031891E-2,7.311156927E-1
1.193065564E1,-7.537384033E-1,-2.009939700E-1,9.456672668E-1,1.225890181E0
1.193565564E1,-9.850254059E-1,-4.884126782E-2,1.591542721E0,1.872343118E0
1.194065564E1,-1.541103363E0,2.309044078E-2,1.909236193E0,2.453714650E0
1.194565564E1,-2.220988274E0,-1.877941564E-2,2.025247335E0,3.005789139E0
1.195065564E1,-2.880078793E0,-6.322290003E-2,2.031919241E0,3.525272584E0
1.195565564E1,-3.474380493E0,1.874336973E-2,2.086874247E0,4.052988434E0
1.196065564E1,-3.933068275E0,1.193029135E-1,2.136488676E0,4.477481782E0
1.196565564E1,-4.274212837E0,2.851927876E-1,2.176178932E0,4.804787722E0
1.197065564E1,-4.417778015E0,4.419616759E-1,2.180732250E0,4.946482170E0
1.197565564E1,-4.362623692E0,6.021040082E-1,2.181042433E0,4.914464447E0
1.198065564E1,-3.968114376E0,8.191160560E-1,2.163323164E0,4.593130733E0
1.198565564E1,-3.264623642E0,1.022377849E0,2.201961279E0,4.068372827E0
1.199065564E1,-2.480819702E0,1.311169386E0,2.238755465E0,3.589659814E0
1.199565564E1,-1.974432468E0,1.544074297E0,2.228679419E0,3.354036517E0
1.200065564E1,-2.062029839E0,1.297545433E0,2.178623199E0,3.268331417E0
1.200565564E1,-2.793017387E0,7.170596123E-1,1.930145860E0,3.469954417E0
1.201065564E1,-3.574409008E0,3.319273889E-1,1.681721687E0,3.964185084E0
1.201565564E1,-4.181911469E0,2.271260023E-1,1.867144704E0,4.585433360E0
1.202065564E1,-4.845483780E0,8.012530208E-2,2.353944778E0,5.387595860E0
1.202565564E1,-5.500751495E0,-1.118820384E-1,2.891674757E0,6.215510237E0
1.203065564E1,-5.926922798E0,-2.201630920E-1,3.406502008E0,6.839674084E0
1.203565564E1,-6.110391140E0,-2.627554834E-1,3.844456911E0,7.223971849E0
1.204065564E1,-6.092370987E0,-2.634083927E-1,4.226873398E0,7.419759224E0
1.204565564E1,-5.953580379E0,-2.662176490E-1,4.576941967E0,7.514279003E0
1.205065564E1,-5.833246231E0,-2.361308634E-1,4.929481030E0,7.640831277E0
1.205565564E1,-5.844538212E0,-2.107100338E-1,5.328872681E0,7.912010470E0
1.206065564E1,-6.083361149E0,-1.681693047E-1,5.807224751E0,8.411862046E0
1.206565564E1,-6.581324100E0,-8.311246336E-2,6.313585281E0,9.120421794E0
1.207065564E1,-7.018279076E0,1.253813878E-2,6.958691597E0,9.883308511E0
1.207565564E1,-6.980778694E0,3.169579059E-2,7.729307652E0,1.041510790E1
1.208065564E1,-6.540033817E0,2.554008365E-2,8.330657959E0,1.059115464E1
1.208565564E1,-5.948523521E0,7.562451065E-3,8.738960266E0,1.057139611E1
1.209065564E1,-5.295844078E0,-4.949454218E-3,8.972031593E0,1.041841350E1
1.209565564E1,-4.656438828E0,-1.999308169E-2,8.974187851E0,1.011033480E1
1.210065564E1,-4.088626862E0,-4.002796859E-2,8.652434349E0,9.569905539E0
1.210565564E1,-3.706837177E0,-5.450967327E-2,7.355378151E0,8.236819830E0
1.211065564E1,-8.576287270E0,-2.267125249E-1,-1.748502541E1,1.947640150E1
1.211565564E1,-2.968706894E1,-4.721924663E-1,-1.008038177E2,1.050854638E2
1.212065564E1,-3.324606323E1,-1.965248585E0,-1.034275131E2,1.086573209E2
1.212565564E1,-1.848254776E1,-1.639636636E0,-4.254747772E1,4.641746267E1
1.213065564E1,-4.711667538E0,-2.839646637E-1,3.811856270E0,6.067181812E0
1.213565564E1,-1.255322397E-1,-2.500309646E-1,1.499166775E1,1.499427810E1
1.214065564E1,-5.739582777E-1,-5.309690237E-1,1.094506741E1,1.097296025E1
1.214565564E1,-1.214640141E0,-5.417290926E-1,1.016871738E1,1.025532224E1
1.215065564E1,-1.697990060E0,-5.096631050E-1,1.013765621E1,1.029150136E1
1.215565564E1,-1.456546187E0,2.329753876E0,1.838883400E1,1.859296899E1
1.216065564E1,-1.942002416E0,4.317117333E-1,1.493709564E1,1.506899382E1
1.216565564E1,-1.740837216E0,5.663504004E-1,1.424948311E1,1.436659444E1
1.217065564E1,-2.864315510E0,4.543534756E0,1.621885681E1,1.708506154E1
1.217565564E1,-9.808995247E0,1.000415421E1,1.042186642E1,1.746180943E1
1.218065564E1,-1.085027122E1,1.199328423E1,1.007587051E1,1.905493161E1
1.218565564E1,-5.204505920E0,6.544659138E0,1.080940628E1,1.366611537E1
1.219065564E1,-1.590536594E0,1.760669947E0,1.078635979E1,1.104424388E1
1.219565564E1,1.632288694E-1,-3.978931904E-1,1.148837090E1,1.149641807E1
1.220065564E1,6.476312876E-1,-1.146142006E0,1.206100559E1,1.213263878E1
1.220565564E1,1.014655948E0,-2.049965858E0,1.468837929E1,1.486540860E1
1.221065564E1,1.753477097E0,-3.842468739E0,1.832022667E1,1.880079661E1
1.221565564E1,1.740692139E0,-7.747169495E0,6.775081635E0,1.043792965E1
1.222065564E1,-2.067645311E0,-6.554851532E0,-3.100246048E1,3.175521676E1
1.222565564E1,-6.900595665E0,1.457579136E-1,-5.915388489E1,5.955519762E1
1.223065564E1,-2.917412758E0,7.921788096E-1,-5.255968475E1,5.264655075E1
1.223565564E1,1.462100267E0,-1.447854280E0,-2.286118889E1,2.295360487E1
1.224065564E1,1.049541235E0,-2.594197989E0,1.214495659E0,3.050639230E0
1.224565564E1,-1.754161119E-1,-3.113359213E0,1.447101593E1,1.480317798E1
1.225065564E1,-5.676486492E-1,-2.892028332E0,1.849752808E1,1.873084616E1
1.225565564E1,-2.387426496E-1,-2.549686432E0,1.654055023E1,1.673761336E1
1.226065564E1,3.014582396E-1,-2.599460125E0,1.358929443E1,1.383896648E1
1.226565564E1,5.767126679E-1,-2.690566301E0,1.123337650E1,1.156548711E1
1.227065564E1,6.603555083E-1,-2.302268267E0,8.947685242E0,9.262698298E0
1.227565564E1,7.055957317E-1,-1.607748508E0,6.183580875E0,6.428016261E0
1.228065564E1,9.424307346E-1,-1.078053236E0,2.960466862E0,3.288576973E0
1.228565564E1,7.710318565E-1,-9.412541389E-1,-2.111720085E0,2.437172787E0
1.229065564E1,-1.184051871E0,-1.670789361E0,-1.381393147E1,1.396489235E1
1.229565564E1,-2.336700678E0,-3.131725550E0,-2.471619415E1,2.502315185E1
1.230065564E1,-5.383939743E-1,-4.136434555E0,-1.845820236E1,1.892366754E1
1.230565564E1,-2.938797474E0,-4.441789627E0,-1.866879463E0,5.643692463E0
1.231065564E1,-6.803083420E0,-4.338353157E0,9.744576454E0,1.265148301E1
1.231565564E1,-9.203425407E0,-3.870884180E0,1.303635693E1,1.642051721E1
1.232065564E1,-1.001919079E1,-3.478085279E0,1.209876060E1,1.608916621E1
1.232565564E1,-8.103740692E0,-2.971195459E0,5.678513050E0,1.033170490E1
1.233065564E1,-4.150691032E0,-3.182152271E0,-2.204035759E0,5.675570698E0
1.233565564E1,-8.176191449E-1,-3.999242783E0,-7.153468132E0,8.236173275E0
1.234065564E1,3.610560894E-1,-4.169783592E0,-7.520066261E0,8.606326352E0
1.234565564E1,7.979789376E-2,-3.281552076E0,-4.246782303E0,5.367505162E0
1.235065564E1,-6.146870852E-1,-1.736500025E0,2.118654251E-1,1.854227469E0
1.235565564E1,-1.108946085E0,-2.175635099E-1,3.167598724E0,3.363149860E0
1.236065564E1,-1.255610824E0,8.107782006E-1,3.728852272E0,4.017245213E0
1.236565564E1,-1.116259456E0,1.180400848E0,2.060683727E0,2.624080555E0
1.237065564E1,-9.382127523E-1,1.110331416E0,-5.346956253E-1,1.548863594E0
1.237565564E1,-7.793120742E-1,7.680819035E-1,-2.912670135E0,3.111418396E0
1.238065564E1,-8.835995197E-1,3.114735186E-1,-4.071282387E0,4.177691245E0
1.238565564E1,-1.264438033E0,6.068515778E-2,-4.117451668E0,4.307655333E0
1.239065564E1,-1.643894672E0,1.298466921E-1,-3.647042274E0,4.002520107E0
1.239565564E1,-1.808015823E0,5.260748863E-1,-3.387014389E0,3.875247408E0
1.240065564E1,-1.855694056E0,1.031667709E0,-3.619922638E0,4.196638964E0
1.240565564E1,-1.702088237E0,1.489455819E0,-4.200414658E0,4.770646319E0
1.241065564E1,-1.474619031E0,1.798099041E0,-5.166328430E0,5.665563599E0
1.241565564E1,-1.192099094E0,1.918454647E0,-6.202220917E0,6.600690326E0
1.242065564E1,-1.212591529E0,1.940221310E0,-6.977531433E0,7.343077137E0
1.242565564E1,-1.435358286E0,2.029267788E0,-7.371253967E0,7.779046613E0
1.243065564E1,-1.622263551E0,2.290095329E0,-7.216998100E0,7.743470619E0
1.243565564E1,-1.621744633E0,2.628078938E0,-6.594984055E0,7.282215956E0
1.244065564E1,-1.724656105E0,2.990165472E0,-5.726560593E0,6.686480722E0
1.244565564E1,-2.082082272E0,3.307467461E0,-4.694548607E0,6.108452686E0
1.245065564E1,-2.278156042E0,3.481068611E0,-3.444714546E0,5.401286137E0
1.245565564E1,-2.322292566E0,3.561916351E0,-2.203504562E0,4.789125517E0
1.246065564E1,-2.055005074E0,3.597257853E0,-1.153226852E0,4.300376970E0
1.246565564E1,-1.854716301E0,3.623490810E0,-4.038734436E-1,4.090571105E0
1.247065564E1,-1.204862595E0,3.628895521E0,-2.727317810E-2,3.823783519E0
1.247565564E1,-1.259776592E0,3.675986767E0,-7.425117493E-1,3.956164743E0
1.248065564E1,-2.166806936E0,3.568875790E0,-1.484087467E0,4.431076879E0
1.248565564E1,-3.045014858E0,3.312021255E0,-1.719444275E0,4.816439442E0
1.249065564E1,-3.867522717E0,2.931756973E0,-1.617705822E0,5.115652748E0
1.249565564E1,-4.783159256E0,2.547406912E0,-1.299470901E0,5.572837613E0
1.250065564E1,-5.572874069E0,2.218958378E0,-8.655147552E-1,6.060512970E0
1.250565564E1,-6.040175915E0,2.026646137E0,-1.774220467E-1,6.373578134E0
1.251065564E1,-6.510886669E0,1.903576612E0,3.430647850E-1,6.792123570E0
1.251565564E1,-6.952174187E0,1.750721097E0,6.394016743E-1,7.197679125E0
1.252065564E1,-7.471553802E0,1.518390298E0,5.706729889E-1,7.645606123E0
1.252565564E1,-7.908815384E0,1.215522885E0,5.771288872E-1,8.022464360E0
1.253065564E1,-8.455487251E0,8.991062641E-1,2.895367146E-1,8.508083700E0
1.253565564E1,-8.669572830E0,6.727433205E-1,6.513214111E-2,8.695879417E0
1.254065564E1,-8.495135307E0,4.852578640E-1,-3.288303614E-1,8.515334902E0
1.254565564E1,-8.461318016E0,-1.285767555E-2,-1.103141308E-1,8.462046862E0
1.255065564E1,-8.473320007E0,-5.661225319E-1,3.251748085E-1,8.498434287E0
1.255565564E1,-8.151576042E0,-1.015956163E0,3.896438777E-1,8.223878723E0
1.256065564E1,-7.277451515E0,-1.214239359E0,3.526401520E-2,7.378138066E0
1.256565564E1,-6.367684364E0,-1.264111042E0,-5.854347944E-1,6.518290787E0
1.257065564E1,-5.573017597E0,-1.108035803E0,-1.303945899E0,5.829797886E0
1.257565564E1,-5.178458214E0,-7.418754101E-1,-1.989796162E0,5.596972160E0
1.258065564E1,-5.094577312E0,-3.589682579E-1,-2.669305086E0,5.762704734E0
1.258565564E1,-5.226327419E0,5.558538437E-2,-3.311393261E0,6.187318753E0
1.259065564E1,-5.651757240E0,4.793498516E-1,-3.729182243E0,6.788146756E0
1.259565564E1,-6.206145287E0,9.744570255E-1,-4.006574631E0,7.451070130E0
1.260065564E1,-6.709206581E0,1.340895414E0,-4.446192741E0,8.159661963E0
1.260565564E1,-6.674357414E0,1.392147899E0,-4.835474968E0,8.358644677E0
1.261065564E1,-6.418817520E0,1.339095473E0,-5.117566586E0,8.317684942E0
1.261565564E1,-5.990711212E0,1.209899664E0,-5.276317120E0,8.074156326E0
1.262065564E1,-5.406558037E0,9.548838139E-1,-5.167020321E0,7.539281922E0
1.262565564E1,-4.674603462E0,5.183557272E-1,-4.657294273E0,6.618987848E0
1.263065564E1,-4.033316135E0,1.351256371E-1,-3.577604294E0,5.393065035E0
1.263565564E1,-3.829188585E0,2.266728878E-2,-1.978529930E0,4.310194858E0
1.264065564E1,-3.677869320E0,-1.077502966E-1,4.521436691E-1,3.707123785E0
1.264565564E1,-4.026111126E0,-2.525507212E-1,3.736704826E0,5.498755825E0
1.265065564E1,-4.572542191E0,-5.234203339E-1,6.798060417E0,8.209490628E0
1.265565564E1,-4.802828789E0,-7.521271706E-1,8.094194412E0,9.441866491E0
1.266065564E1,-3.793025017E0,-1.105323195E0,4.160861969E0,5.737730428E0
1.266565564E1,-3.089244366E0,-1.903717399E0,1.881780624E-1,3.633590740E0
1.267065564E1,-9.200653076E0,-1.443658233E0,2.476439857E1,2.645773238E1
1.267565564E1,-1.570532417E1,-3.108479977E0,5.144218445E1,5.387595193E1
1.268065564E1,-1.527833557E1,-5.882310867E0,5.296232605E1,5.543498083E1
1.268565564E1,-7.385254383E0,-5.970052242E0,2.856428337E1,3.010152472E1
1.269065564E1,-9.908905625E-1,-4.044729710E0,5.892418861E0,7.215421164E0
1.269565564E1,3.383612633E-2,-1.839789987E0,4.495570183E0,4.857584106E0
1.270065564E1,-5.311745405E-1,-5.200083256E-1,1.960704803E0,2.096883015E0
1.270565564E1,-8.216652870E-1,-2.084272504E-1,-4.860061646E0,4.933434398E0
1.271065564E1,-1.280853271E0,-6.131096482E-1,-9.649318695E0,9.753247655E0
1.271565564E1,-1.585060239E0,-7.837526798E-1,-1.070938301E1,1.085438016E1
1.272065564E1,-1.684431911E0,-7.094089985E-1,-1.042279625E1,1.058183602E1
1.272565564E1,-1.618092537E0,-6.082846522E-1,-1.085214901E1,1.098896591E1
1.273065564E1,-1.353656769E0,-3.832751215E-1,-1.243984318E1,1.251914473E1
1.273565564E1,-1.016237259E0,-7.019004226E-2,-1.422311783E1,1.425954928E1
1.274065564E1,-8.012789488E-1,1.350717545E-1,-1.499188614E1,1.501389165E1
1.274565564E1,-8.147045970E-1,1.239016056E-1,-1.430204582E1,1.432576734E1
1.275065564E1,-9.562315941E-1,-8.009666204E-2,-1.257952595E1,1.261607179E1
1.275565564E1,-9.815095663E-1,-2.664355636E-1,-1.108552933E1,1.113208468E1
1.276065564E1,-8.233783245E-1,-3.242089450E-1,-1.060088634E1,1.063775609E1
1.276565564E1,-4.393512905E-1,4.335260391E-2,-1.189607239E1,1.190426173E1
1.277065564E1,-4.900794029E-1,2.383357525E0,-7.780403137E0,8.152008580E0
1.277565564E1,-3.084971666E0,6.974810600E0,2.122792435E1,2.255636950E1
1.278065564E1,-7.316283703E0,5.743929863E0,3.972831726E1,4.080269513E1
1.278565564E1,-3.593628645E0,1.891905665E0,4.083532333E1,4.103677748E1
1.279065564E1,4.355160713E0,-7.299614549E-1,2.466659164E1,2.505875120E1
1.279565564E1,2.655814409E0,-6.729797721E-1,1.340926170E0,3.050300796E0
1.280065564E1,-1.520707309E-1,-3.200668842E-2,-9.085570335E0,9.086899265E0
1.280565564E1,-7.862926126E-1,-1.535315998E-2,-9.807154655E0,9.838636807E0
1.281065564E1,-7.399240732E-1,-6.814531237E-2,-9.553422928E0,9.582276403E0
1.281565564E1,-6.728953123E-1,-1.205207705E-1,-9.581443787E0,9.605799206E0
1.282065564E1,-6.218589544E-1,-1.848420203E-1,-9.577626228E0,9.599572871E0
1.282565564E1,-6.203857660E-1,-2.175091505E-1,-9.462038994E0,9.484849532E0
1.283065564E1,-7.218890190E-1,-3.481935859E-1,-9.865948677E0,9.898449668E0
1.283565564E1,-6.328366995E-1,-8.289901614E-1,-1.132111645E1,1.136905381E1
1.284065564E1,2.176478386E0,-8.463707566E-1,-3.948508739E0,4.587387371E0
1.284565564E1,5.680085182E0,-6.220268607E-1,1.656150436E1,1.751952373E1
1.285065564E1,-9.960865974E-1,5.269721746E-1,2.520830345E1,2.523347877E1
1.285565564E1,-5.130582809E0,5.706495047E-1,1.545606804E1,1.629535394E1
1.286065564E1,-2.101569414E0,-1.823177338E-1,2.391594887E0,3.188974735E0
1.286565564E1,9.399908781E-2,-2.036454082E-1,-3.731007576E0,3.737743278E0
1.287065564E1,3.925563097E-1,1.339849234E-1,-5.678581238E0,5.693710327E0
1.287565564E1,2.593348026E-1,7.455588132E-2,-6.797775269E0,6.803128818E0
1.288065564E1,1.177323163E-1,-1.413138211E-2,-7.845536232E0,7.846432270E0
1.288565564E1,4.725931287E-1,-1.417280436E-1,-6.257558346E0,6.276979174E0
1.289065564E1,1.582085848E0,-3.570108414E-1,-1.965003014E0,2.547879356E0
1.289565564E1,2.891259909E0,-5.509817600E-1,4.822659492E0,5.649868082E0
1.290065564E1,1.447141171E0,-9.419891238E-2,9.727268219E0,9.834776968E0
1.290565564E1,-2.681212902E0,4.199472666E-1,6.713786125E0,7.241559395E0
1.291065564E1,-2.204397917E0,-2.197342813E-1,4.158515930E-1,2.254015501E0
1.291565564E1,9.208077192E-2,-2.457364649E-1,-2.986329079E0,2.997836994E0
1.292065564E1,7.332276106E-1,-1.504026353E-2,-4.308797359E0,4.370764650E0
1.292565564E1,9.135746360E-1,-1.656180024E-1,-4.279533386E0,4.379092822E0
1.293065564E1,9.068093300E-1,-2.187234610E-1,-3.498033524E0,3.620273698E0
1.293565564E1,5.840865970E-1,3.422468901E-2,-2.218394279E0,2.294254053E0
1.294065564E1,2.839331031E-1,2.623700500E-1,-6.306619644E-1,7.397233020E-1
1.294565564E1,2.851299047E-1,3.661256433E-1,1.205535889E0,1.291767714E0
1.295065564E1,-5.653778315E-1,1.836736202E-1,2.589917183E0,2.657265343E0
1.295565564E1,-5.592025757E0,-1.338754296E0,1.857825279E0,6.042725370E0
1.296065564E1,-6.805713177E0,-2.037235260E0,9.936227798E-1,7.173238151E0
1.296565564E1,-6.653398514E0,-2.848990440E0,5.180377960E-1,7.256226393E0
1.297065564E1,-4.651074886E0,-4.323932171E0,6.773700714E-1,6.386526226E0
1.297565564E1,-2.247451305E0,-5.736618519E0,4.549198151E-1,6.177926953E0
1.298065564E1,-7.186809778E-1,-6.766586304E0,6.933593750E-2,6.804998165E0
1.298565564E1,1.415830553E-1,-7.170178890E0,8.660221100E-2,7.172099485E0
1.299065564E1,2.338216603E-1,-6.649687767E0,2.642879486E-1,6.659044082E0
1.299565564E1,-1.794225872E-1,-5.298164368E0,5.719470978E-2,5.301510102E0
1.300065564E1,-1.044388890E0,-4.031729221E0,-5.622386932E-1,4.202582660E0
1.300565564E1,-1.824359894E0,-3.500567675E0,-9.631271362E-1,4.063234789E0
1.301065564E1,-2.209075928E0,-3.432857275E0,-7.657642365E-1,4.153422732E0
1.301565564E1,-2.062484741E0,-3.377298355E0,-5.258464813E-2,3.957619566E0
1.302065564E1,-1.601893425E0,-2.959880829E0,7.480869293E-1,3.447693594E0
1.302565564E1,-9.952439070E-1,-2.152580500E0,1.412590981E0,2.760348985E0
1.303065564E1,-4.413486123E-1,-1.324153185E0,1.810976028E0,2.286439247E0
1.303565564E1,4.028853178E-1,-7.068622112E-1,1.933362007E0,2.097584186E0
1.304065564E1,1.313179970E0,-4.870843887E-1,1.675609589E0,2.183886519E0
1.304565564E1,2.377719879E0,-5.568509102E-1,1.407351494E0,2.818558672E0
1.305065564E1,3.625827074E0,-8.105548620E-1,1.275346756E0,3.928120480E0
1.305565564E1,5.025042534E0,-1.249622703E0,1.231607437E0,5.322543212E0
1.306065564E1,5.950189590E0,-1.480453134E0,9.990911484E-1,6.212461732E0
1.306565564E1,5.951229095E0,-1.085752964E0,-2.100372314E-1,6.053106879E0
1.307065564E1,5.396220207E0,-4.855871201E-1,-2.033050537E0,5.786906070E0
1.307565564E1,4.828005314E0,-3.097593784E-1,-3.421436310E0,5.925522138E0
1.308065564E1,4.319671154E0,-6.303009987E-1,-3.333651543E0,5.492728906E0
1.308565564E1,3.751704216E0,-1.195768118E0,-1.526127815E0,4.223057189E0
1.309065564E1,2.876581669E0,-1.614067078E0,1.424945831E0,3.593105238E0
1.309565564E1,1.887099147E0,-1.755455256E0,4.669833183E0,5.333864294E0
1.310065564E1,8.786401153E-1,-1.843245268E0,6.228071213E0,6.554268273E0
1.310565564E1,-2.139902115E-2,-2.064345837E0,4.895141602E0,5.312663452E0
1.311065564E1,-7.347602844E-1,-2.188709259E0,1.706855774E0,2.871180511E0
1.311565564E1,-1.101303935E0,-2.197142601E0,-1.578714371E0,2.921069159E0
1.312065564E1,-1.271919489E0,-2.075041771E0,-3.599269390E0,4.344918605E0
1.312565564E1,-1.265612006E0,-1.943075657E0,-4.212614059E0,4.808683185E0
1.313065564E1,-9.884779453E-1,-1.936120510E0,-3.670818329E0,4.266211256E0
1.313565564E1,-5.282076001E-1,-1.974604607E0,-2.927711964E0,3.570653156E0
1.314065564E1,6.816615164E-2,-2.045023918E0,-2.002312660E0,2.862870140E0
1.314565564E1,6.102427244E-1,-1.935214996E0,-1.326331139E0,2.424171519E0
1.315065564E1,1.023602009E0,-1.632369995E0,-9.585223198E-1,2.152012526E0
1.315565564E1,1.326912999E0,-1.150583267E0,-8.936767578E-1,1.970583190E0
1.316065564E1,1.544396043E0,-7.570466995E-1,-1.092442036E0,2.037574157E0
1.316565564E1,1.643740416E0,-4.713521004E-1,-1.128956318E0,2.049048004E0
1.317065564E1,1.468458056E0,-3.508729935E-1,-1.083047390E0,1.858083036E0
1.317565564E1,1.010074019E0,-3.137655258E-1,-7.235913277E-1,1.281515798E0
1.318065564E1,4.510472417E-1,-2.846450806E-1,-4.131808281E-1,6.746738715E-1
1.318565564E1,-1.271277368E-1,-2.700567245E-1,-7.157182693E-2,3.069440052E-1
1.319065564E1,-4.752797484E-1,-2.268753052E-1,1.187252998E-1,5.398693733E-1
1.319565564E1,-4.726905227E-1,-1.259965897E-1,3.398518562E-1,5.956599324E-1
1.320065564E1,-1.385065913E-1,-1.841068268E-2,2.490644455E-1,2.855803339E-1
1.320565564E1,4.654513001E-1,1.749038696E-3,2.993440628E-2,4.664161668E-1
1.321065564E1,1.170448065E0,-5.456447601E-2,-2.524392605E-1,1.198603994E0
1.321565564E1,1.724132776E0,-9.926128387E-2,-5.833158493E-1,1.822839547E0
1.322065564E1,2.001059771E0,-2.154254913E-2,-9.288008213E-1,2.206212876E0
1.322565564E1,2.007546902E0,1.156129837E-1,-1.026377439E0,2.257667286E0
1.323065564E1,1.988156199E0,3.664026260E-1,-1.033937693E0,2.270692209E0
1.323565564E1,2.001908779E0,6.782407761E-1,-8.385226727E-1,2.273932625E0
1.324065564E1,2.007998705E0,9.637231827E-1,-4.264718294E-1,2.267752057E0
1.324565564E1,1.993011951E0,1.209830284E0,-2.588510513E-2,2.331620894E0
1.325065564E1,1.843868732E0,1.368418694E0,2.595219612E-1,2.310794944E0
1.325565564E1,1.684615612E0,1.412498474E0,6.553835869E-1,2.294037782E0
1.326065564E1,1.408866405E0,1.433363914E0,1.101680994E0,2.291972441E0
1.326565564E1,1.225287557E0,1.394698143E0,1.446482182E0,2.353470460E0
1.327065564E1,1.026231647E0,1.256564140E0,1.897595525E0,2.496592399E0
1.327565564E1,8.334085345E-1,1.041794777E0,2.351192474E0,2.703333534E0
1.328065564E1,7.008236647E-1,7.753038406E-1,2.985671997E0,3.163303199E0
1.328565564E1,6.209871769E-1,6.219797134E-1,3.508428812E0,3.616843453E0
1.329065564E1,5.609853268E-1,4.646320343E-1,3.965058804E0,4.031411512E0
1.329565564E1,5.121833086E-1,3.390989304E-1,4.536845207E0,4.578240302E0
1.330065564E1,4.518595338E-1,1.806764603E-1,5.357496738E0,5.379553171E0
1.330565564E1,3.826133609E-1,9.856510162E-2,5.972693443E0,5.985747658E0
1.331065564E1,4.029452503E-1,7.116413116E-2,6.568877220E0,6.581609009E0
1.331565564E1,4.469259977E-1,-3.394031525E-2,7.101804256E0,7.115934126E0
1.332065564E1,5.149894357E-1,-1.615877151E-1,7.593349457E0,7.612508173E0
1.332565564E1,5.663543940E-1,-2.766094208E-1,8.067092896E0,8.091678309E0
1.333065564E1,5.641957521E-1,-3.197536469E-1,8.482780457E0,8.507533339E0
1.333565564E1,4.998709261E-1,-1.915378571E-1,8.890678406E0,8.906779452E0
1.334065564E1,3.979541659E-1,6.824207306E-2,9.274523735E0,9.283308409E0
1.334565564E1,2.610996366E-1,3.897724152E-1,9.717896461E0,9.729214110E0
1.335065564E1,5.547100306E-2,7.934479713E-1,1.018547630E1,1.021648493E1
1.335565564E1,-3.083015680E-1,5.582551956E-1,8.876704216E0,8.899582937E0
1.336065564E1,-1.590288520E0,-2.315237045E0,1.382975578E0,3.130808458E0
1.336565564E1,-3.737561226E0,-6.251311779E0,-7.940160751E0,1.077471186E1
1.337065564E1,-4.376039028E0,-8.594378471E0,-1.447716522E1,1.739544112E1
1.337565564E1,-3.436641455E0,-8.233886719E0,-1.663493919E1,1.887666806E1
1.338065564E1,-2.101869106E0,-5.371912956E0,-1.315194225E1,1.436136789E1
1.338565564E1,-1.176804543E0,-1.387627125E0,-5.826086998E0,6.103578268E0
1.339065564E1,-8.032107353E-1,2.529430866E0,1.587824821E0,3.092629246E0
1.339565564E1,-9.324495196E-1,4.933072567E0,7.860975742E0,9.327357969E0
1.340065564E1,-1.332567215E0,5.544890404E0,1.083959961E1,1.224820251E1
1.340565564E1,-1.288306355E0,4.895745277E0,1.107244968E1,1.217485922E1
1.341065564E1,-7.124430537E-1,3.442990303E0,8.418199539E0,9.122929399E0
1.341565564E1,-3.722172976E-2,1.540105104E0,2.720050812E0,3.126017532E0
1.342065564E1,1.094257832E-1,-4.034686089E-1,-4.970140457E0,4.987690556E0
1.342565564E1,-7.697285414E-1,-2.279825926E0,-1.181789684E1,1.206038035E1
1.343065564E1,-1.717642665E0,-3.274959087E0,-1.253552532E1,1.306962312E1
1.343565564E1,-1.799095988E0,-3.529181957E0,-6.604502678E0,7.701384764E0
1.344065564E1,-1.527075648E0,-3.758399725E0,-1.022424698E-1,4.058076151E0
1.344565564E1,-1.207849979E0,-4.750901222E0,-2.033939362E-1,4.906254487E0
1.345065564E1,-5.969355702E-1,-6.810254097E0,-6.809900284E0,9.649385204E0
1.345565564E1,2.378439188E0,-1.056718349E1,-1.995472527E1,2.270492018E1
1.346065564E1,5.350898266E0,-1.156669617E1,-2.101552963E1,2.457789776E1
1.346565564E1,1.792737961E0,-1.979997516E0,2.914710045E0,3.953458512E0
1.347065564E1,8.973458409E-1,4.746707916E0,1.404020023E1,1.484801967E1
1.347565564E1,-3.183918595E-1,1.034645438E-1,1.232252026E1,1.232706712E1
1.348065564E1,4.872228205E-2,-1.018113971E0,9.797845840E0,9.850721447E0
1.348565564E1,-2.265446633E-2,-7.862063050E-1,9.910014153E0,9.941177701E0
1.349065564E1,-6.558015943E-2,-5.688753128E-1,9.884234428E0,9.900808559E0
1.349565564E1,-1.865519285E-1,-3.245136738E-1,9.878826141E0,9.885915065E0
1.350065564E1,-8.238250613E-1,1.613293290E-1,1.072775745E1,1.076055272E1
1.350565564E1,-1.017705202E0,3.904423714E-1,1.081297970E1,1.086778262E1
1.351065564E1,-6.864027977E-1,3.664413095E-1,1.003653717E1,1.006665319E1
1.351565564E1,-6.056363583E-1,5.233422518E-1,9.604716301E0,9.638011088E0
1.352065564E1,-9.952026606E-1,1.142724276E0,2.802096367E0,3.185591178E0
1.352565564E1,-9.608429670E-1,1.402197123E0,-3.025411987E1,3.030183402E1
1.353065564E1,1.485648632E0,-1.784783721E0,-4.649079132E1,4.654875167E1
1.353565564E1,4.614752829E-1,-1.447062492E0,-2.265554047E1,2.270639696E1
1.354065564E1,-1.039947495E-1,3.958241940E-1,5.858277321E0,5.872555225E0
1.354565564E1,-2.204571664E-2,5.254415274E-1,9.881817818E0,9.895802049E0
1.355065564E1,2.285798043E-1,2.801259756E-1,9.762607574E0,9.769300177E0
1.355565564E1,3.731831312E-1,8.859497309E-2,9.703156471E0,9.710734278E0
1.356065564E1,4.570640922E-1,-8.958840370E-2,9.416464806E0,9.427976618E0
1.356565564E1,3.788225651E-1,-4.898791909E-1,4.519946575E0,4.562171106E0
1.357065564E1,3.074496686E-1,-2.040537119E0,-1.055412865E1,1.075397362E1
1.357565564E1,-1.923641443E0,-3.723016739E0,-2.149315643E1,2.189787715E1
1.358065564E1,-4.618355751E0,-3.197137356E0,-8.892643929E0,1.051808030E1
1.358565564E1,-3.736233711E0,7.454738617E-1,1.487588406E1,1.535601185E1
1.359065564E1,2.490221262E0,3.285880566E0,1.593734932E1,1.646199612E1
1.359565564E1,5.010498762E-1,-2.942406535E-1,1.082979870E1,1.084537544E1
1.360065564E1,3.563629389E-1,-1.969440460E0,9.836737633E0,1.003828160E1
1.360565564E1,1.478262782E0,-3.017983913E0,8.546353340E0,9.183335079E0
1.361065564E1,1.404612303E0,-2.932147503E0,8.962202072E-1,3.372482077E0
1.361565564E1,-4.631716609E-1,-2.933630466E0,-1.388267803E1,1.419681179E1
1.362065564E1,-1.029264450E0,-3.676536560E0,-1.551387978E1,1.597675725E1
1.362565564E1,9.781011343E-1,-3.804201841E0,-4.216565132E0,5.762643056E0
1.363065564E1,3.078478336E0,-3.301372766E0,3.507363319E0,5.716440192E0
1.363565564E1,3.657323837E0,-2.679936409E0,2.707589149E0,5.281014657E0
1.364065564E1,3.080711603E0,-2.123228073E0,-2.510851860E0,4.505913725E0
1.364565564E1,2.612239599E0,-1.497820020E0,-5.915827751E0,6.638092988E0
1.365065564E1,2.720105886E0,-1.117253780E0,-5.738686562E0,6.448236619E0
1.365565564E1,3.276470661E0,-1.440218449E0,-3.281491280E0,4.855684729E0
1.366065564E1,3.810855150E0,-2.398361444E0,-2.851381302E-1,4.511768871E0
1.366565564E1,3.696106434E0,-3.450972795E0,2.247822762E0,5.533816330E0
1.367065564E1,2.719877243E0,-4.160150528E0,3.908413887E0,6.322996421E0
1.367565564E1,1.530459285E0,-4.424275398E0,5.048466206E0,6.885022110E0
1.368065564E1,3.382273912E-1,-4.408406258E0,5.945259571E0,7.409085967E0
1.368565564E1,-7.317295074E-1,-4.274744034E0,6.548025608E0,7.854011968E0
1.369065564E1,-1.957398295E0,-4.069303989E0,6.501726627E0,7.916002285E0
1.369565564E1,-3.636482716E0,-3.601983070E0,4.691646576E0,6.943330337E0
1.370065564E1,-6.289413452E0,-2.700542927E0,-4.528760910E-1,6.859646523E0
1.370565564E1,-8.639270782E0,-1.289235115E0,-6.699730873E0,1.100842952E1
1.371065564E1,-9.057834625E0,-4.066359997E-2,-1.014113808E1,1.359737854E1
1.371565564E1,-8.013410568E0,4.069480896E-1,-1.008981419E1,1.289126472E1
1.372065564E1,-6.513608456E0,-2.631437778E-2,-7.563127518E0,9.981417004E0
1.372565564E1,-5.734431744E0,-1.019198418E0,-4.119628906E0,7.133990129E0
1.373065564E1,-5.364798069E0,-2.245360374E0,-1.086594582E0,5.916366226E0
1.373565564E1,-5.181826591E0,-3.515261173E0,1.342443466E0,6.403947408E0
1.374065564E1,-4.713331699E0,-4.688933372E0,3.053447723E0,7.316087402E0
1.374565564E1,-4.089273930E0,-5.753055573E0,4.129930973E0,8.177783290E0
1.375065564E1,-3.320111752E0,-6.780229568E0,4.796965599E0,8.944581265E0
1.375565564E1,-2.456616402E0,-7.579433441E0,5.131731033E0,9.477206278E0
1.376065564E1,-1.600762129E0,-8.095213890E0,5.313572407E0,9.814732754E0
1.376565564E1,-6.858370304E-1,-8.474766731E0,5.477149487E0,1.011391171E1
1.377065564E1,1.571675539E-1,-8.820284843E0,5.280584335E0,1.028137623E1
1.377565564E1,8.727865219E-1,-9.069389343E0,4.701067924E0,1.025259084E1
1.378065564E1,1.439425230E0,-9.182468414E0,4.073533535E0,1.014807108E1
1.378565564E1,1.931396365E0,-9.138681412E0,3.793187141E0,1.008137186E1
1.379065564E1,2.343600035E0,-8.826334000E0,3.574106455E0,9.806674765E0
1.379565564E1,2.706948757E0,-8.450450897E0,3.598043442E0,9.575155798E0
1.380065564E1,3.073024750E0,-8.089715958E0,3.565901756E0,9.359628236E0
1.380565564E1,3.286447525E0,-7.825457096E0,3.033195972E0,9.013256565E0
1.381065564E1,3.359170675E0,-7.546162128E0,2.165388584E0,8.539174329E0
1.381565564E1,3.175968170E0,-7.249119759E0,1.085491180E0,7.988416751E0
1.382065564E1,2.833070517E0,-6.843756676E0,-8.185863495E-2,7.407428354E0
1.382565564E1,2.384261608E0,-6.394533157E0,-1.174869061E0,6.924960291E0
1.383065564E1,1.884482384E0,-5.868893623E0,-2.270967484E0,6.569054691E0
1.383565564E1,1.526116252E0,-5.265992165E0,-3.190431833E0,6.343387074E0
1.384065564E1,1.399913549E0,-4.932995796E0,-3.916821718E0,6.452572963E0
1.384565564E1,1.471597672E0,-4.894283295E0,-4.663493156E0,6.918654284E0
1.385065564E1,1.528090954E0,-4.955707550E0,-5.190869331E0,7.337521632E0
1.385565564E1,1.481790304E0,-4.839904785E0,-5.863060951E0,7.745699746E0
1.386065564E1,1.074207306E0,-4.417972565E0,-7.019862175E0,8.363663544E0
1.386565564E1,8.001650572E-1,-4.140981674E0,-8.437751770E0,9.433114453E0
1.387065564E1,6.848245263E-1,-4.081811905E0,-9.458376884E0,1.032429496E1
1.387565564E1,9.573278427E-1,-4.159665108E0,-1.004736805E1,1.091645067E1
1.388065564E1,1.179881930E0,-4.079277992E0,-1.015682030E1,1.100879779E1
1.388565564E1,1.523942947E0,-3.935218811E0,-1.035293007E1,1.117996021E1
1.389065564E1,1.809119344E0,-3.782621384E0,-1.094961739E1,1.172498436E1
1.389565564E1,1.434961438E0,-3.579339027E0,-1.142957306E1,1.206258358E1
1.390065564E1,6.741673946E-1,-3.257414818E0,-1.171248245E1,1.217569292E1
1.390565564E1,-4.724979401E-2,-2.742109299E0,-1.206048870E1,1.236837838E1
1.391065564E1,-4.330572486E-1,-2.050149918E0,-1.238941193E1,1.256535639E1
1.391565564E1,-4.811990857E-1,-1.307282448E0,-1.261527252E1,1.269195181E1
1.392065564E1,-2.945127487E-1,-7.216186523E-1,-1.272956944E1,1.275340775E1
1.392565564E1,8.422940969E-2,-3.051986694E-1,-1.286010838E1,1.286400514E1
1.393065564E1,6.412578821E-1,-4.775905609E-2,-1.306661606E1,1.308242897E1
1.393565564E1,7.780634761E-1,4.599514008E-1,-1.322156334E1,1.325242148E1
1.394065564E1,9.112737179E-1,1.031136990E0,-1.340402031E1,1.347447304E1
1.394565564E1,7.097488642E-1,1.861987114E0,-1.354692936E1,1.369270005E1
1.395065564E1,2.775805593E-1,2.840662479E0,-1.336700726E1,1.366833191E1
1.395565564E1,9.722074866E-2,3.254889250E0,-1.299389935E1,1.339571484E1
1.396065564E1,1.167701781E-1,3.185318947E0,-1.250038147E1,1.290036546E1
1.396565564E1,2.960812747E-1,3.015280724E0,-1.251242638E1,1.287402019E1
1.397065564E1,3.468633294E-1,2.917493820E0,-1.241367149E1,1.275661884E1
1.397565564E1,2.926342785E-1,2.850025654E0,-1.233449936E1,1.266286522E1
1.398065564E1,1.876668930E-1,2.740406752E0,-1.223946571E1,1.254390565E1
1.398565564E1,2.392262220E-2,2.738941193E0,-1.217629051E1,1.248056176E1
1.399065564E1,-1.776006818E-1,2.905519485E0,-1.203248787E1,1.237959409E1
1.399565564E1,-2.937793732E-1,3.244069576E0,-1.171192646E1,1.215645981E1
1.400065564E1,-3.593751192E-1,3.609659433E0,-1.127691841E1,1.184599850E1
1.400565564E1,-2.158846706E-1,4.006347656E0,-1.082870865E1,1.154808896E1
1.401065564E1,-1.477035880E-2,4.411098957E0,-1.042793941E1,1.132254091E1
1.401565564E1,1.689525247E-1,4.702273369E0,-1.005969334E1,1.110573500E1
1.402065564E1,2.727463245E-1,4.847366333E0,-9.758743286E0,1.089974410E1
1.402565564E1,3.145651221E-1,4.841524601E0,-9.397697449E0,1.057620107E1
1.403065564E1,3.810233176E-1,4.728605747E0,-9.004756927E0,1.017794372E1
1.403565564E1,5.677714348E-1,4.580725670E0,-8.602928162E0,9.762980335E0
1.404065564E1,8.760210276E-1,4.491271973E0,-8.230709076E0,9.417192186E0
1.404565564E1,1.230988503E0,4.445531845E0,-7.924250603E0,9.169069402E0
1.405065564E1,1.520373583E0,4.375494957E0,-7.692152500E0,8.979181591E0
1.405565564E1,1.668502092E0,4.291538715E0,-7.458402634E0,8.765213838E0
1.406065564E1,1.627511501E0,4.136206150E0,-7.198266983E0,8.460026156E0
1.406565564E1,1.413558483E0,3.836217165E0,-6.960762024E0,8.072602906E0
1.407065564E1,1.121195316E0,3.305413723E0,-6.833827496E0,7.673593490E0
1.407565564E1,7.697231770E-1,2.591296673E0,-6.845793247E0,7.360175093E0
1.408065564E1,2.453646362E-1,1.812511921E0,-6.996732235E0,7.231850748E0
1.408565564E1,-4.343277812E-1,9.803028107E-1,-7.065097809E0,7.145994771E0
1.409065564E1,-4.024443626E0,-1.584061623E0,1.498786259E1,1.559940456E1
1.409565564E1,-1.774643326E1,-8.210582733E0,9.035145569E1,9.244314527E1
1.410065564E1,-2.118901253E1,-2.259515953E1,1.041172104E2,1.086273860E2
1.410565564E1,-7.052822590E0,-3.317195892E1,6.559519958E1,7.384342472E1
1.411065564E1,-2.796513081E0,-2.286263657E1,3.207625580E1,3.948932542E1
1.411565564E1,2.418574333E0,-7.312428474E0,8.015528679E0,1.111619593E1
1.412065564E1,7.191463470E0,2.042998075E0,-1.033746243E1,1.275751219E1
1.412565564E1,8.184496880E0,3.190789461E0,-1.800616646E1,2.003469883E1
1.413065564E1,4.214470863E0,-1.627637863E0,-1.704296875E1,1.763161233E1
1.413565564E1,4.590141773E0,-3.032855988E0,-1.572979259E1,1.666415290E1
1.414065564E1,4.963176727E0,-3.347230911E0,-1.641309929E1,1.747074430E1
1.414565564E1,4.729956627E0,-3.397196293E0,-1.726490402E1,1.822060216E1
1.415065564E1,4.028639793E0,-3.369383097E0,-1.724650955E1,1.802844344E1
1.415565564E1,3.398938179E0,-3.385078430E0,-1.695987320E1,1.762523293E1
1.416065564E1,1.961869121E0,-3.240808725E0,-1.420807076E1,1.470445668E1
1.416565564E1,-1.205747485E0,-2.717185020E0,-6.252147675E0,6.922880324E0
1.417065564E1,-4.957862854E0,-2.378245592E0,4.528361320E0,7.123377880E0
1.417565564E1,-7.865715981E0,-2.105167866E0,1.404608536E1,1.623557001E1
1.418065564E1,-9.593360901E0,-1.685197830E0,1.748545074E1,2.001533045E1
1.418565564E1,-9.288156509E0,-9.748139381E-1,1.844545555E1,2.067498353E1
1.419065564E1,-7.079547882E0,-1.625313759E-1,1.625489235E1,1.773042413E1
1.419565564E1,-4.271490097E0,2.198932171E-1,1.482841969E1,1.543295212E1
1.420065564E1,-3.898064613E0,-2.947976589E-1,1.107617760E1,1.174578748E1
1.420565564E1,-4.046400070E0,-9.312230349E-1,8.946948051E0,9.863488698E0
1.421065564E1,-3.309697866E0,-1.344880581E0,5.707056046E0,6.733000256E0
1.421565564E1,-2.583004236E0,-1.439048767E0,1.638804436E0,3.380599387E0
1.422065564E1,-2.250037432E0,-1.378245115E0,-1.581650734E0,3.076336634E0
1.422565564E1,-1.934566975E0,-1.671362996E0,-2.263072014E0,3.414307922E0
1.423065564E1,-1.543627858E0,-1.950013161E0,-2.484784126E0,3.515606697E0
1.423565564E1,-9.037060738E-1,-2.243276834E0,-2.268363953E0,3.315788088E0
1.424065564E1,1.541755199E-1,-2.657217979E0,-1.913115978E0,3.277894176E0
1.424565564E1,1.603692055E0,-3.146380186E0,-1.578660965E0,3.868295093E0
1.425065564E1,2.726879358E0,-3.350848913E0,-3.148885250E0,5.345983333E0
1.425565564E1,1.719847441E0,-2.634511948E0,-9.601039886E0,1.010339029E1
1.426065564E1,-8.691556454E-1,-1.041296005E0,-1.625304413E1,1.630954237E1
1.426565564E1,-2.843323231E0,-2.332446575E-1,-1.780501175E1,1.803211949E1
1.427065564E1,-3.289269924E0,-6.586818695E-1,-1.439278984E1,1.477855060E1
1.427565564E1,-2.855205297E0,-1.182433844E0,-1.082713890E1,1.125954190E1
1.428065564E1,-2.496633768E0,-1.263734818E0,-9.845643997E0,1.023557090E1
1.428565564E1,-2.278312922E0,-1.126836181E0,-9.795514107E0,1.011990939E1
1.429065564E1,-2.145813465E0,-9.908020496E-1,-9.821145058E0,1.010153921E1
1.429565564E1,-2.120551109E0,-9.925305843E-1,-9.652647972E0,9.932545839E0
1.430065564E1,-2.164452314E0,-1.334768653E0,-8.080220222E0,8.470916126E0
1.430565564E1,-2.423787594E0,-1.553236961E0,-9.012090683E0,9.460711910E0
1.431065564E1,-1.708903670E0,-1.201936603E0,-7.234148026E0,7.529800861E0
1.431565564E1,3.796774626E0,9.820385575E-1,7.783699989E0,8.715840912E0
1.432065564E1,8.128081322E0,2.916252375E0,2.555298233E1,2.697267395E1
1.432565564E1,6.543781281E0,4.889328003E0,4.236329269E1,4.314365735E1
1.433065564E1,-1.745068431E-1,4.849394321E0,3.974367523E1,4.003881615E1
1.433565564E1,-3.244101048E0,2.083297729E0,1.578905392E1,1.625295495E1
1.434065564E1,-2.424934387E0,-7.162990421E-2,-1.713442802E0,2.970071356E0
1.434565564E1,-1.597485662E0,-1.167683899E-1,-1.736087799E0,2.362116877E0
1.435065564E1,-4.309130311E-1,9.669151902E-2,-1.410921097E0,1.478422684E0
1.435565564E1,5.993421078E-1,1.462765783E-1,-3.585561752E0,3.638249700E0
1.436065564E1,8.551419973E-1,-1.439678669E-2,-6.372095585E0,6.429236132E0
1.436565564E1,3.402022123E-1,-1.092311740E-1,-8.753204346E0,8.760494011E0
1.437065564E1,-4.239192605E-1,2.758087814E-1,-9.961922646E0,9.974752168E0
1.437565564E1,-7.519381642E-1,9.281058311E-1,-1.019836044E1,1.026807417E1
1.438065564E1,-4.889709949E-1,1.225932002E0,-9.237492561E0,9.331305950E0
1.438565564E1,1.226696968E-1,1.260139585E0,-7.443867683E0,7.550772524E0
1.439065564E1,5.419487953E-1,1.199159145E0,-5.284790516E0,5.446163966E0
1.439565564E1,3.858178854E-1,1.072208047E0,-3.351733685E0,3.540141837E0
1.440065564E1,-3.665312529E-1,1.183747053E0,-2.481399536E0,2.773616034E0
1.440565564E1,-1.265378952E0,1.553996801E0,-2.648006439E0,3.320847490E0
1.441065564E1,-2.031309605E0,1.945230246E0,-1.642165184E0,3.256815302E0
1.441565564E1,-2.872406244E0,2.503389359E0,6.727045059E0,7.731158460E0
1.442065564E1,-3.563213587E0,2.842529058E0,2.111096764E1,2.159744006E1
1.442565564E1,-2.237923861E0,1.389438629E0,2.179512596E1,2.195373222E1
1.443065564E1,-1.110828757E0,-9.257395566E-2,7.795001984E0,7.874297835E0
1.443565564E1,-1.078693748E0,-3.304960951E-2,-3.595994949E0,3.754444320E0
1.444065564E1,-8.960574269E-1,-8.070060611E-2,-6.493700981E0,6.555729092E0
1.444565564E1,-4.814510643E-1,-3.269019723E-1,-5.605530739E0,5.635657450E0
1.445065564E1,2.602533698E-1,-5.664213300E-1,-4.337881088E0,4.382439649E0
1.445565564E1,9.200107455E-1,-5.940654874E-1,-3.441382408E0,3.611432743E0
1.446065564E1,1.093709230E0,-4.110900760E-1,-3.297359943E0,3.498253497E0
1.446565564E1,8.027191758E-1,-1.470131278E-1,-3.101944923E0,3.207496414E0
1.447065564E1,4.301612377E-1,4.877410829E-3,-2.140361309E0,2.183164907E0
1.447565564E1,4.213587046E-1,-3.266578540E-2,6.369152069E-1,7.643763420E-1
1.448065564E1,3.369659185E-1,-4.058818519E-2,4.814241409E0,4.826190400E0
1.448565564E1,-1.805935502E-1,-4.968061298E-2,7.204913139E0,7.207347330E0
1.449065564E1,-8.288116455E-1,-2.736670971E-1,5.607634544E0,5.675155294E0
1.449565564E1,-8.765641451E-1,-3.768166900E-1,1.746597290E0,1.990215469E0
1.450065564E1,-2.711297572E-1,-2.449672818E-1,-9.078102112E-1,9.785906672E-1
1.450565564E1,4.582883120E-1,-4.117667675E-2,-2.139081001E0,2.188010792E0
1.451065564E1,8.165027499E-1,-2.011122853E-1,-2.726014137E0,2.852766371E0
1.451565564E1,6.234333515E-1,-9.499491751E-2,-3.122607708E0,3.185650966E0
1.452065564E1,5.153381824E-2,6.127940118E-2,-2.972307205E0,2.973385448E0
1.452565564E1,-9.684485793E-1,3.330793977E-1,-2.042442322E0,2.284820600E0
1.453065564E1,-1.553417206E0,7.961526513E-1,-5.132341385E-1,1.819443140E0
1.453565564E1,-5.740636587E-1,1.092004895E0,9.541292191E-1,1.559610959E0
1.454065564E1,8.941155672E-2,9.968932271E-1,1.604059219E0,1.890713228E0
1.454565564E1,2.183783054E-2,8.482679129E-1,1.210646629E0,1.478411514E0
1.455065564E1,6.139791012E-2,6.451777220E-1,2.919921875E-1,7.108329156E-1
1.455565564E1,3.730326295E-1,3.873641789E-1,-1.878252029E-1,5.696337917E-1
1.456065564E1,6.265513897E-1,2.609384060E-2,2.759838104E-2,6.277015239E-1
1.456565564E1,6.770969629E-1,-4.045749307E-1,4.602136612E-1,9.132019413E-1
1.457065564E1,5.260525942E-1,-8.776991367E-1,6.796989441E-1,1.228445262E0
1.457565564E1,1.480976939E-1,-1.282148600E0,5.177574158E-1,1.390651178E0
1.458065564E1,-1.187971830E-1,-1.541798234E0,1.843242645E-1,1.557314997E0
1.458565564E1,-1.609267890E-1,-1.554071784E0,2.085018158E-2,1.562520807E0
1.459065564E1,-6.974786520E-3,-1.536492109E0,1.258573532E-1,1.541653892E0
1.459565564E1,5.788528919E-2,-1.606412649E0,3.862524033E-1,1.653209976E0
1.460065564E1,3.093540668E-2,-1.622814178E0,7.648000717E-1,1.794269212E0
1.460565564E1,8.723831177E-2,-1.727369666E0,1.095335007E0,2.047236006E0
1.461065564E1,1.842865348E-1,-1.878275633E0,1.269716263E0,2.274656077E0
1.461565564E1,3.685412705E-1,-1.988269806E0,1.254068375E0,2.379438374E0
1.462065564E1,4.895484447E-1,-2.116389751E0,1.074843407E0,2.423644283E0
1.462565564E1,6.304270029E-1,-2.228884697E0,8.649206161E-1,2.472539761E0
1.463065564E1,7.757229805E-1,-2.366032362E0,6.910638809E-1,2.584071316E0
1.463565564E1,8.007728457E-1,-2.486715555E0,6.358489990E-1,2.688734898E0
1.464065564E1,6.902077198E-1,-2.431745529E0,7.477741241E-1,2.636084057E0
1.464565564E1,4.707913697E-1,-2.316000938E0,7.722587585E-1,2.486340373E0
1.465065564E1,2.776434124E-1,-2.185549498E0,6.556005478E-1,2.298591862E0
1.465565564E1,1.651480198E-1,-2.159133196E0,1.721019745E-1,2.172268196E0
1.466065564E1,3.082245588E-2,-2.197919130E0,-5.652770996E-1,2.269655641E0
1.466565564E1,-7.610100508E-2,-2.204557419E0,-1.160223007E0,2.492384842E0
1.467065564E1,-2.389831841E-1,-2.184940577E0,-1.365347862E0,2.587518709E0
1.467565564E1,-4.864585400E-1,-2.118380547E0,-1.064877510E0,2.420359924E0
1.468065564E1,-7.070449591E-1,-1.982771397E0,-6.625814438E-1,2.206877694E0
1.468565564E1,-9.182582498E-1,-1.603190422E0,-2.181081772E-1,1.860373328E0
1.469065564E1,-1.017577291E0,-9.885134697E-1,3.109474182E-1,1.452346625E0
1.469565564E1,-1.068143368E0,-2.711958885E-1,5.561923981E-1,1.234434060E0
1.470065564E1,-1.081320047E0,3.957238197E-1,5.905170441E-1,1.294048208E0
1.470565564E1,-1.045299768E0,9.187693596E-1,4.658975601E-1,1.467599836E0
1.471065564E1,-1.023466825E0,1.348249912E0,4.295940399E-1,1.746371440E0
1.471565564E1,-1.077508092E0,1.601470470E0,6.637268066E-1,2.041142971E0
1.472065564E1,-1.200946331E0,1.687265873E0,9.074687958E-1,2.261114290E0
1.472565564E1,-1.295927405E0,1.727500439E0,1.020503998E0,2.388538050E0
1.473065564E1,-1.378693104E0,1.724672318E0,8.304758072E-1,2.359020844E0
1.473565564E1,-1.419158220E0,1.682412624E0,4.412846565E-1,2.244828377E0
1.474065564E1,-1.444569111E0,1.661353111E0,1.950292587E-1,2.210183361E0
1.474565564E1,-1.480339050E0,1.581507683E0,-9.262466431E-2,2.168213454E0
1.475065564E1,-1.399479508E0,1.445351601E0,-3.002972603E-1,2.034149107E0
1.475565564E1,-1.100369453E0,1.395689487E0,-5.844683647E-1,1.870926334E0
1.476065564E1,-5.803434849E-1,1.740135670E0,-4.171853065E-1,1.881200226E0
1.476565564E1,-1.112932563E-1,2.173436642E0,-3.692817688E-1,2.207392591E0
1.477065564E1,2.908374667E-1,2.571573257E0,-2.150983810E-1,2.596890980E0
1.477565564E1,6.947607398E-1,2.919131279E0,3.245220184E-1,3.018167399E0
1.478065564E1,1.033334494E0,3.082448006E0,9.313106537E-1,3.381805053E0
1.478565564E1,1.393406034E0,3.157255650E0,1.803432465E0,3.893868548E0
1.479065564E1,1.562091351E0,3.174591064E0,2.902098656E0,4.576061016E0
1.479565564E1,1.643486857E0,3.195618629E0,3.954256535E0,5.343142541E0
1.480065564E1,1.736874819E0,3.270900726E0,4.917749882E0,6.156280500E0
1.480565564E1,1.929392219E0,3.313299656E0,5.716313839E0,6.883077280E0
1.481065564E1,2.343223572E0,3.243307114E0,5.992087364E0,7.205195953E0
1.481565564E1,2.440305948E0,2.725589275E0,4.138410568E0,5.523619470E0
1.482065564E1,7.950618267E-1,2.113467693E0,1.521295547E0,2.722720908E0
1.482565564E1,-1.215278506E-1,1.560060501E0,5.685391426E-1,1.664870728E0
1.483065564E1,-1.166416407E-1,9.125194550E-1,3.359518051E-1,9.793674711E-1
1.483565564E1,-5.275297165E-2,2.294082642E-1,9.561061859E-2,2.540716790E-1
1.484065564E1,1.066821814E-2,-4.501094818E-1,-2.281427383E-1,5.047390074E-1
1.484565564E1,1.165675521E-1,-1.046770096E0,-5.604550838E-1,1.193073983E0
1.485065564E1,2.798486948E-1,-1.499816895E0,-8.469724655E-1,1.745029618E0
1.485565564E1,3.916844130E-1,-1.667104721E0,-1.103959084E0,2.037493678E0
1.486065564E1,4.859258533E-1,-1.566977501E0,-1.076999903E0,1.962516551E0
1.486565564E1,4.809113443E-1,-1.186429977E0,-5.278263092E-1,1.384735507E0
1.487065564E1,2.276031673E-1,-6.169300079E-1,2.715883255E-1,7.114534806E-1
1.487565564E1,2.308359742E-1,-1.399564743E-1,5.931758881E-2,2.763903725E-1
1.488065564E1,8.732295036E-2,2.127065659E-1,-2.731585503E-2,2.315502899E-1
1.488565564E1,3.945940733E-2,3.609390259E-1,1.094071865E-1,3.792149228E-1
1.489065564E1,3.577482700E-2,2.666454315E-1,2.814497948E-1,3.893502425E-1
1.489565564E1,1.736837626E-2,6.988239288E-2,4.384131432E-1,4.442873996E-1
1.490065564E1,1.030957103E-1,-1.152906418E-1,4.631426334E-1,4.882845036E-1
1.490565564E1,1.463356912E-1,-1.586418152E-1,3.142626286E-1,3.812379306E-1
1.491065564E1,1.615007222E-1,2.849197388E-2,1.043682098E-1,1.943887833E-1
1.491565564E1,1.029589176E-1,3.089513779E-1,-4.645752907E-2,3.289525720E-1
1.492065564E1,-3.214776516E-4,5.561037064E-1,-7.342815399E-3,5.561522746E-1
1.492565564E1,-4.202328622E-2,6.733493805E-1,1.448473334E-1,6.900334012E-1
1.493065564E1,-2.910318971E-2,6.014118195E-1,2.284209728E-1,6.439870442E-1
1.493565564E1,-6.176182628E-2,3.824024200E-1,1.284573674E-1,4.081022290E-1
1.494065564E1,-4.620844126E-2,1.140079498E-1,9.353423119E-2,1.545370023E-1
1.494565564E1,-1.409018040E-2,-7.320117950E-2,1.299379617E-1,1.498026026E-1
1.495065564E1,-5.950033665E-5,-1.775102615E-1,1.427147239E-1,2.277660838E-1
1.495565564E1,-3.262102604E-3,-1.631622314E-1,7.256679237E-2,1.786014962E-1
1.496065564E1,-1.967440546E-2,3.777694702E-2,3.043544292E-2,5.234974825E-2
1.496565564E1,-1.035674363E-1,3.554868698E-1,-3.442043066E-2,3.718627361E-1
1.497065564E1,-1.855920851E-1,6.182060242E-1,-4.040372372E-2,6.467268135E-1
1.497565564E1,-2.127912194E-1,7.905397415E-1,2.527117729E-2,8.190676519E-1
1.498065564E1,-2.137562782E-1,8.203153610E-1,8.456397057E-2,8.519155493E-1
1.498565564E1,-2.457706779E-1,6.273117065E-1,1.427985430E-1,6.887050364E-1
1.499065564E1,-3.184642196E-1,3.530673981E-1,1.401330233E-1,4.956947760E-1
1.499565564E1,-1.961818486E-1,3.936672211E-2,-5.710482597E-2,2.080817572E-1
1.500065564E1,3.887945414E-2,-4.164600372E-2,-3.111600876E-1,3.163330550E-1
1.500565564E1,1.480151415E-1,3.812732697E-1,-6.579117775E-1,7.746778009E-1
1.501065564E1,-5.976557732E-4,9.632921219E-1,-9.391119480E-1,1.345311607E0
1.501565564E1,-1.003600955E-1,9.893712997E-1,-5.317139626E-1,1.127673470E0
1.502065564E1,-2.100688517E-1,6.785354614E-1,-3.349506855E-1,7.853223902E-1
1.502565564E1,-1.140579581E-1,1.358060837E-1,-4.372484684E-1,4.718460907E-1
1.503065564E1,1.173095703E-1,-5.711774826E-1,-6.921308041E-1,9.050139788E-1
1.503565564E1,1.719282866E-1,-9.902400970E-1,-1.083004236E0,1.477509039E0
1.504065564E1,2.095973939E-1,-1.005887985E0,-1.187077522E0,1.569998328E0
1.504565564E1,1.127965450E-1,-6.100645065E-1,-1.168136597E0,1.322665820E0
1.505065564E1,5.862249434E-2,1.210355759E-1,-1.085663319E0,1.093961173E0
1.505565564E1,-4.651369154E-2,7.968869209E-1,-3.821921349E-1,8.850215343E-1
1.506065564E1,-8.026315272E-2,1.345059395E0,-1.909799576E-1,1.360918915E0
1.506565564E1,-3.231200576E-2,1.747498512E0,-2.696237564E-1,1.768471681E0
1.507065564E1,4.909466207E-2,1.840314865E0,-1.939182281E-1,1.851154604E0
1.507565564E1,2.049756646E-1,1.566969872E0,-5.948872566E-1,1.688579418E0
1.508065564E1,3.022687137E-1,1.030428886E0,-9.799852371E-1,1.453795422E0
1.508565564E1,2.284222990E-1,4.590616226E-1,-1.333168030E0,1.428373661E0
1.509065564E1,3.143721521E-1,6.156587601E-2,-1.646490574E0,1.677364426E0
1.509565564E1,3.751372695E-1,-2.572007179E-1,-1.623721123E0,1.686223729E0
1.510065564E1,3.200348020E-1,-4.822711945E-1,-1.567429066E0,1.670880503E0
1.510565564E1,6.330871582E-2,-5.329947472E-1,-1.157833099E0,1.276193120E0
1.511065564E1,-1.470790207E-1,-2.827448845E-1,-9.461574554E-1,9.983941299E-1
1.511565564E1,-3.163089156E-1,2.941751480E-1,-7.670187950E-1,8.802886911E-1
1.512065564E1,-3.071987033E-1,9.713530540E-1,-2.865304947E-1,1.058299354E0
1.512565564E1,-1.386386603E-1,1.837875366E0,-2.624568939E-1,1.861690136E0
1.513065564E1,5.129200220E-2,2.584222555E0,-4.258012772E-2,2.585082233E0
1.513565564E1,3.312784433E-1,3.037738800E0,-2.576479912E-1,3.066591742E0
1.514065564E1,6.014671326E-1,3.188770294E0,-8.761210442E-1,3.361191275E0
1.514565564E1,7.064566016E-1,3.047548771E0,-1.379095554E0,3.418850536E0
1.515065564E1,8.390973806E-1,2.832678080E0,-1.780365467E0,3.449326125E0
1.515565564E1,9.417557716E-1,2.870609760E0,-2.689466476E0,4.044815726E0
1.516065564E1,8.990942836E-1,3.033961296E0,-2.932351112E0,4.314159793E0
1.516565564E1,9.815697670E-1,3.154215336E0,-2.908188820E0,4.401149373E0
1.517065564E1,1.015708089E0,3.186631203E0,-2.609797478E0,4.242325332E0
1.517565564E1,9.579173923E-1,2.974806070E0,-1.879880905E0,3.647057595E0
1.518065564E1,1.043130159E0,2.732598305E0,-1.112317085E0,3.129291185E0
1.518565564E1,1.200438738E0,2.447917938E0,-4.176244736E-1,2.758217830E0
1.519065564E1,1.228247404E0,2.197973251E0,3.208780289E-1,2.538235767E0
1.519565564E1,1.293749094E0,2.153860092E0,6.458921432E-1,2.594239132E0
1.520065564E1,1.434314013E0,2.134789944E0,8.193464279E-1,2.699243109E0
1.520565564E1,1.516878009E0,2.112904549E0,6.012716293E-1,2.669608978E0
1.521065564E1,1.545928001E0,1.932783484E0,1.514186859E-1,2.479611462E0
1.521565564E1,1.355567098E0,1.494306564E0,-6.759281158E-1,2.127767159E0
1.522065564E1,9.476269484E-1,7.923676968E-1,-1.408458710E0,1.873392467E0
1.522565564E1,3.266286850E-1,1.054358482E-1,-1.472750664E0,1.512216100E0
1.523065564E1,-2.616902888E-1,-4.124982357E-1,-7.991600037E-1,9.366393720E-1
1.523565564E1,-9.446907043E-1,-6.849954128E-1,3.266916275E-1,1.211770053E0
1.524065564E1,-1.496740460E0,-7.128216028E-1,2.031080246E0,2.621761547E0
1.524565564E1,-1.675387383E0,-9.706292152E-1,3.839654922E0,4.300231840E0
1.525065564E1,-1.529078841E0,-1.800168395E0,4.701729774E0,5.261649098E0
1.525565564E1,-1.721941233E0,-3.140519142E0,1.967031956E0,4.086215462E0
1.526065564E1,-2.067722559E0,-4.754471302E0,-3.822080612E0,6.441178009E0
1.526565564E1,-2.145579338E0,-6.600057125E0,-1.012074471E1,1.227166403E1
1.527065564E1,-2.399595499E0,-1.071907043E1,-1.992745399E0,1.116367161E1
1.527565564E1,6.369307041E-1,-1.551027584E1,1.042428398E1,1.869866396E1
1.528065564E1,2.955554962E0,-1.530536270E1,-5.059768677E0,1.638873673E1
1.528565564E1,-3.787222385E0,-7.009603500E0,-1.530090141E1,1.725094718E1
1.529065564E1,-2.421443224E0,-1.311806679E0,-3.084809303E0,4.135247573E0
1.529565564E1,-1.035412326E-1,-3.350559473E-1,3.974826813E0,3.990267092E0
1.530065564E1,-1.310946941E-1,4.224745333E-1,-5.075742722E0,5.094981327E0
1.530565564E1,3.168323040E-1,7.731827497E-1,-6.735011101E0,6.786646359E0
1.531065564E1,6.621889472E-1,5.211572647E-1,-1.177686691E0,1.448117757E0
1.531565564E1,-3.117799759E-2,3.557829857E-1,4.589636803E0,4.603511658E0
1.532065564E1,-4.051244259E-1,5.014805794E-1,7.750577450E0,7.777342694E0
1.532565564E1,-5.108360052E-1,6.121301055E-1,8.981720924E0,9.017037621E0
1.533065564E1,-4.276328087E-1,6.435577869E-1,8.975354195E0,9.008552568E0
1.533565564E1,-1.268894076E-1,5.994556546E-1,7.490661621E0,7.515680909E0
1.534065564E1,3.441122472E-1,4.385827482E-1,4.294192314E0,4.330225825E0
1.534565564E1,7.118890285E-1,6.528866291E-2,-3.575887680E-1,7.993236675E-1
1.535065564E1,6.823452711E-1,-4.597603083E-1,-4.786649704E0,4.856849802E0
1.535565564E1,5.290162563E-1,-8.609285355E-1,-7.198145866E0,7.268724789E0
1.536065564E1,4.619620740E-1,-1.071305633E0,-7.070389748E0,7.165997202E0
1.536565564E1,2.369174361E-1,-1.207738042E0,-4.677634239E0,4.836840200E0
1.537065564E1,-1.065804660E-1,-1.364959240E0,-1.958024979E0,2.389212201E0
1.537565564E1,-7.162143588E-1,-1.238930464E0,-1.193474770E0,1.863409168E0
1.538065564E1,-2.444453001E0,2.604382515E0,8.483530045E0,9.204805309E0
1.538565564E1,-4.467791617E-1,4.323026180E0,1.542051697E1,1.602125184E1
1.539065564E1,4.213362038E-1,6.081920862E-2,3.660819530E0,3.685488137E0
1.539565564E1,1.063839912E0,-9.533782601E-1,-1.851736450E1,1.857238470E1
1.540065564E1,-1.663695425E-1,2.025855780E-1,-1.488637733E1,1.488868530E1
1.540565564E1,-6.398909688E-1,2.193932235E-2,2.427347660E0,2.510370182E0
1.541065564E1,-1.437482238E-1,9.620995820E-2,9.551218987E0,9.552785146E0
1.541565564E1,-1.152096540E-1,1.350371093E-1,8.301195145E0,8.303092744E0
1.542065564E1,-4.973421618E-2,9.960925579E-2,3.399051189E0,3.400874077E0
1.542565564E1,-9.505122304E-1,1.059896111E0,-5.444441795E0,5.627503863E0
1.543065564E1,-1.744539142E0,9.626776576E-1,-5.475140572E0,5.826433675E0
1.543565564E1,-2.620600224E0,7.778640091E-2,-2.314620972E0,3.497294168E0
1.544065564E1,-4.590037823E0,2.610959411E-1,-1.493602753E0,4.833990845E0
1.544565564E1,-4.594573498E0,1.002677202E0,6.391502380E0,7.935160356E0
1.545065564E1,-4.969794750E0,1.576027036E0,5.413349152E0,7.515788057E0
1.545565564E1,-4.419598579E0,6.011281610E-1,-6.551389694E-1,4.508149702E0
1.546065564E1,-4.590700150E0,9.193786383E-1,-6.269443512E0,7.824685738E0
1.546565564E1,-1.620798826E0,1.626408696E0,-4.235101700E0,4.817497326E0
1.547065564E1,1.241472435E1,2.578690529E0,-2.059879303E-1,1.268138228E1
1.547565564E1,1.592464542E1,2.684636354E0,4.077024460E-1,1.615449862E1
1.548065564E1,1.153830242E1,2.596082926E0,1.194540024E0,1.188692539E1
1.548565564E1,5.653956413E0,2.446145058E0,3.054912567E0,6.876288211E0
1.549065564E1,1.027723432E0,2.315314293E0,3.315690994E0,4.172613389E0
1.549565564E1,-7.512521744E-1,2.114884138E0,9.632978439E-1,2.442346716E0
1.550065564E1,-4.843751788E-1,1.315928817E0,-4.590644836E-1,1.475475572E0
1.550565564E1,-4.540881515E-2,1.755727828E-2,-5.964469910E-1,5.984306405E-1
1.551065564E1,1.852510273E-1,-1.418550968E0,-4.501695633E-1,1.499752456E0
1.551565564E1,3.583022356E-1,-2.392713785E0,-1.037642479E0,2.632520022E0
1.552065564E1,7.943996787E-1,-2.779660225E0,-1.684062004E0,3.345690758E0
1.552565564E1,9.885036349E-1,-2.392837524E0,-2.341001511E0,3.490429619E0
1.553065564E1,1.481149197E0,-1.734113455E0,-2.420190811E0,3.325398620E0
1.553565564E1,1.549625158E0,-1.215462208E0,-1.781806946E0,2.655846852E0
1.554065564E1,5.899382830E-1,-9.387673140E-1,-1.443609238E0,1.820252422E0
1.554565564E1,-1.882374287E-2,-7.808548808E-1,-1.686861992E0,1.858922284E0
1.555065564E1,-3.775372803E-1,-6.865878701E-1,-1.469961166E0,1.665750021E0
1.555565564E1,1.186368167E-1,-7.277153730E-1,-7.688741684E-1,1.065275479E0
1.556065564E1,7.017544508E-1,-8.748253584E-1,-5.082130432E-1,1.231283564E0
1.556565564E1,8.861945271E-1,-1.369262815E0,-4.511241913E-1,1.692257200E0
1.557065564E1,1.558665872E0,-1.269020915E0,-9.247245789E-1,2.212457667E0
1.557565564E1,1.477318525E0,-6.731609106E-1,-1.262356758E0,2.056492213E0
1.558065564E1,1.348163605E0,-3.168978095E-1,-7.320041656E-1,1.566460796E0
1.558565564E1,1.152077556E0,-8.110865951E-2,7.175064087E-2,1.157155765E0
1.559065564E1,1.373479605E0,3.158805668E-1,4.320392609E-1,1.474070785E0
1.559565564E1,1.521076679E0,6.028352976E-1,3.196620941E-1,1.667113828E0
1.560065564E1,1.340529799E0,6.195529103E-1,-2.500915527E-2,1.476987275E0
1.560565564E1,7.178484201E-1,4.857214689E-1,-6.784820557E-2,8.693877608E-1
1.561065564E1,-5.820804834E-1,2.962957621E-1,-1.662731171E-2,6.533646266E-1
1.561565564E1,-1.149083018E0,9.523928165E-3,4.587364197E-2,1.150037773E0
1.562065564E1,-1.508462906E0,-2.751910686E-1,-1.013011932E-1,1.536701791E0
1.562565564E1,-1.786936283E0,-4.348399043E-1,-5.288829803E-1,1.913620712E0
1.563065564E1,-1.721355438E0,-3.772895634E-1,-8.333663940E-1,1.949336171E0
1.563565564E1,-1.625019550E0,-2.744381726E-1,-1.012245178E0,1.934074753E0
1.564065564E1,-2.141675472E0,-9.888657928E-2,-1.208805084E0,2.461252144E0
1.564565564E1,-2.377230167E0,4.293787479E-2,-8.920240402E-1,2.539443604E0
1.565065564E1,-1.989745617E0,2.344251871E-1,-4.665775299E-1,2.057118708E0
1.565565564E1,-1.614017010E0,3.716908097E-1,-7.513885498E-1,1.818732998E0
1.566065564E1,-1.326440334E0,1.321464777E-1,-8.955116272E-1,1.605879113E0
1.566565564E1,-1.147505760E0,-3.065735102E-1,-1.295294762E0,1.757425761E0
1.567065564E1,-9.994897842E-1,-7.748159766E-1,-1.565765381E0,2.012694923E0
1.567565564E1,-7.480916977E-1,-1.174040079E0,-1.449831009E0,2.009980410E0
1.568065564E1,-3.725214005E-1,-1.380865812E0,-1.575509071E0,2.127860761E0
1.568565564E1,4.975366592E-2,-1.514523983E0,-1.789007187E0,2.344526613E0
1.569065564E1,1.459894180E-1,-1.484921455E0,-2.035858154E0,2.524088561E0
1.569565564E1,9.283018112E-2,-1.362067342E0,-2.163449287E0,2.558194227E0
1.570065564E1,4.818387032E-1,-1.077390432E0,-2.102417469E0,2.411036684E0
1.570565564E1,6.816339493E-1,-5.896905661E-1,-2.406001568E0,2.569280707E0
1.571065564E1,7.513155937E-1,-3.276046515E-1,-3.311424255E0,3.411353181E0
1.571565564E1,-5.493936539E-1,-2.652677894E-1,-3.644425392E0,3.695136916E0
1.572065564E1,-1.001459599E0,-1.722105742E-1,-3.278832912E0,3.432684529E0
1.572565564E1,9.425177574E-1,-6.937927008E-2,-1.626640320E0,1.881252757E0
1.573065564E1,3.789925098E0,-7.206541300E-2,5.348935127E-1,3.828163626E0
1.573565564E1,6.351752281E0,1.123108864E-1,1.357687950E0,6.496205611E0
1.574065564E1,8.117486000E0,4.645536542E-1,1.530864477E0,8.273628896E0
1.574565564E1,9.198991776E0,6.815243363E-1,1.277559280E0,9.312254444E0
1.575065564E1,1.001682568E1,7.576216459E-1,1.073791981E0,1.010266383E1
1.575565564E1,1.095764732E1,6.588295698E-1,1.062997341E0,1.102878301E1
1.576065564E1,1.203568268E1,3.152974844E-1,1.017096758E0,1.208269655E1
1.576565564E1,1.302825928E1,-5.256718397E-2,1.027666450E0,1.306883321E1
1.577065564E1,1.276600170E1,-4.415148497E-1,5.189876556E-1,1.278417314E1
1.577565564E1,1.008600235E1,-6.948749423E-1,-3.615297675E-1,1.011637279E1
1.578065564E1,7.830039978E0,-9.450820684E-1,-1.098724961E0,7.963033512E0
1.578565564E1,6.047649384E0,-1.120347261E0,-1.898496747E0,6.436888297E0
1.579065564E1,-5.649566650E-2,-5.700495839E-1,-3.589187145E0,3.634613136E0
1.579565564E1,-1.101812840E1,-1.850436628E-1,-3.824054241E0,1.166433819E1
1.580065564E1,-1.743264389E1,-1.884941101E0,2.564174891E0,1.772075249E1
1.580565564E1,-1.765545845E1,-3.128582001E0,6.472527981E0,1.906297083E1
1.581065564E1,-1.429436111E1,-2.852814913E0,5.121249676E0,1.544974145E1
1.581565564E1,-7.564209938E0,-2.012823820E0,2.112503290E0,8.107490479E0
1.582065564E1,-5.557126999E-1,-1.158930182E0,-2.452966690E0,2.769292573E0
1.582565564E1,5.319701672E0,-4.983305335E-1,-8.351034164E0,9.913996712E0
1.583065564E1,8.031922340E0,-2.254365385E-1,-1.053736305E1,1.325136288E1
1.583565564E1,8.174648285E0,-2.165702283E-1,-9.029027939E0,1.218175368E1
1.584065564E1,8.145539284E0,-1.422965825E-1,-8.739491463E0,1.194775165E1
1.584565564E1,7.926105022E0,9.835639596E-2,-6.537493706E0,1.027480602E1
1.585065564E1,6.659121037E0,2.243990153E-1,-2.248954773E-2,6.662938817E0
1.585565564E1,4.502300262E0,-2.013516426E-1,6.936471462E0,8.271994106E0
1.586065564E1,2.785215378E0,-1.269182444E0,1.047291374E1,1.091101146E1
1.586565564E1,1.584978104E-1,-1.935179591E0,1.067481995E1,1.084996878E1
1.587065564E1,-1.136254787E0,-1.463654280E0,9.178714752E0,9.363875442E0
1.587565564E1,6.166315079E-1,-6.757626534E-1,4.327549934E0,4.423186410E0
1.588065564E1,3.014513016E0,-4.631780088E-2,2.695856094E-1,3.026897828E0
1.588565564E1,4.213849545E0,4.329898953E-1,-2.153470516E0,4.751993634E0
1.589065564E1,4.397314548E0,3.428623974E-1,-2.506111145E0,5.072920553E0
1.589565564E1,3.916545868E0,-2.494612038E-1,-5.810699463E-1,3.967266655E0
1.590065564E1,2.941958427E0,-8.908957243E-1,2.268604279E0,3.820390026E0
1.590565564E1,1.190490246E0,-1.379576802E0,4.092582703E0,4.479925486E0
1.591065564E1,-3.652901649E-1,-1.154610753E0,3.408293724E0,3.617047001E0
1.591565564E1,-3.474204540E-1,-9.423642159E-1,7.120237350E-1,1.231149498E0
1.592065564E1,6.489882469E-1,-1.155210018E0,-3.649652481E0,3.882738616E0
1.592565564E1,1.616198778E0,-1.364560008E0,-2.457597733E0,3.242515863E0
1.593065564E1,1.975899577E0,-1.452394366E0,8.973226547E-1,2.611286365E0
1.593565564E1,1.236706495E0,-1.362156034E0,-1.063413620E-1,1.842883746E0
1.594065564E1,3.575468063E-2,-9.014105797E-1,8.524551392E-1,1.241168480E0
1.594565564E1,-1.491490006E0,-1.240369231E-1,7.681653023E0,7.826092305E0
1.595065564E1,-1.129581928E0,1.776528955E-1,1.132037354E1,1.137797754E1
1.595565564E1,1.064770103E0,1.409941912E-2,1.084170914E1,1.089387861E1
1.596065564E1,2.411736965E0,-4.827966690E-1,7.679109573E0,8.063392069E0
1.596565564E1,2.543358803E0,-6.561814547E-1,4.322380066E0,5.057886667E0
1.597065564E1,2.422223091E0,-3.620590568E-1,1.843832970E0,3.065611111E0
1.597565564E1,2.409213066E0,-1.426298767E-1,-1.332330704E-1,2.417106107E0
1.598065564E1,2.233422279E0,-1.494074017E-1,-7.701244354E-1,2.367190169E0
1.598565564E1,1.150501847E0,3.513924778E-2,6.498336792E-3,1.151056687E0
1.599065564E1,-4.137011766E-1,7.652511448E-2,5.075397491E-1,6.592430156E-1
1.599565564E1,-1.376836777E0,-1.680825204E-1,-3.261117935E-1,1.424878993E0
1.600065564E1,-1.444836974E0,-4.728676677E-1,-1.698555946E0,2.279528463E0
1.600565564E1,-1.022110224E0,-5.825616717E-1,-2.607289314E0,2.860427412E0
1.601065564E1,-6.657234430E-1,-4.554550052E-1,-2.667501926E0,2.786789101E0
1.601565564E1,-3.940862417E-1,-3.583109081E-1,-1.868270874E0,1.942711181E0
1.602065564E1,-1.279513836E-1,-1.529117674E-1,-8.503580093E-1,8.734198928E-1
1.602565564E1,4.286730289E-2,2.548785210E-1,1.732234955E-1,3.111383061E-1
1.603065564E1,1.031030416E-1,5.332148075E-1,9.039525986E-1,1.054551359E0
1.603565564E1,-1.219598651E-1,3.924627304E-1,1.444088936E0,1.501430670E0
1.604065564E1,-4.126481414E-1,3.542168140E-1,1.444714546E0,1.543680070E0
1.604565564E1,-5.338959098E-1,2.250250876E-1,1.232172012E0,1.361590614E0
1.605065564E1,-3.285864592E-1,-1.420201659E-1,4.980106354E-1,6.133134448E-1
1.605565564E1,1.791315079E-1,-4.493227005E-1,-5.930728912E-1,7.653198290E-1
1.606065564E1,6.710610986E-1,-3.484354913E-1,-9.641132355E-1,1.225252880E0
1.606565564E1,1.132983208E0,-2.121281624E-2,-4.654779434E-1,1.225059447E0
1.607065564E1,1.168234229E0,4.723687172E-1,5.444784164E-1,1.372719988E0
1.607565564E1,8.696971536E-1,9.630706310E-1,1.072573662E0,1.683535696E0
1.608065564E1,4.561001658E-1,1.227364302E0,1.124529839E0,1.725983154E0
1.608565564E1,9.041106701E-2,1.420860052E0,1.037626266E0,1.761728049E0
1.609065564E1,2.739119530E-2,1.449972630E0,3.906946182E-1,1.501936480E0
1.609565564E1,6.393450499E-2,1.231704235E0,-5.538625717E-1,1.352015788E0
1.610065564E1,1.615425348E-1,1.177239060E0,-1.244405746E0,1.720620079E0
1.610565564E1,1.857949644E-1,1.063353300E0,-1.252147675E0,1.653213177E0
1.611065564E1,2.947989106E-1,9.034816027E-1,-9.246587753E-1,1.325963519E0
1.611565564E1,2.636853456E-1,7.752106786E-1,-2.648410797E-1,8.605941873E-1
1.612065564E1,2.281872481E-1,6.368185878E-1,2.844648361E-1,7.338443820E-1
1.612565564E1,-3.485628963E-2,7.072859406E-1,6.666116714E-1,9.725427925E-1
1.613065564E1,-7.394558191E-2,6.568391323E-1,5.449361801E-1,8.566568947E-1
1.613565564E1,-1.057888791E-1,6.116428375E-1,-8.544540405E-2,6.265773414E-1
1.614065564E1,-3.369349241E-2,3.877941668E-1,-3.983793259E-1,5.569790432E-1
1.614565564E1,-1.075790673E-1,1.227154806E-1,1.359806061E-1,2.124219154E-1
1.615065564E1,-7.515257597E-1,-7.333258390E-1,1.480316162E0,1.814908729E0
1.615565564E1,-1.042781591E0,-1.630164027E0,3.039028168E0,3.602848929E0
1.616065564E1,-8.247812986E-1,-2.461988926E0,3.327445030E0,4.220609445E0
1.616565564E1,-4.874756932E-1,-2.785304070E0,2.004707336E0,3.466179859E0
1.617065564E1,-8.123096824E-2,-2.734161139E0,1.914259911E0,3.338656407E0
1.617565564E1,1.237106323E-1,-2.242787838E0,3.071412086E0,3.805124678E0
1.618065564E1,8.130370975E-1,-1.263137579E0,4.299068451E-1,1.562487043E0
1.618565564E1,1.894639850E0,-3.245800734E-3,-4.868370056E0,5.224049933E0
1.619065564E1,4.403851032E-1,1.320930243E0,-5.663910866E0,5.832553647E0
1.619565564E1,-3.913642883E0,2.655421495E0,9.514064789E-1,4.824213742E0
1.620065564E1,-6.706685066E0,1.484872341E0,3.172530174E0,7.566334526E0
1.620565564E1,-2.825867653E0,-3.003956974E-1,-2.048125267E0,3.502939148E0
1.621065564E1,7.231209278E-1,-7.410350442E-1,-4.002782345E0,4.134525766E0
1.621565564E1,1.750581145E0,-1.266315728E-1,-1.840736389E0,2.543399370E0
1.622065564E1,9.796540737E-1,6.968978643E-1,8.575105667E-1,1.476723776E0
1.622565564E1,-4.770363569E-1,1.278221965E0,2.119086266E0,2.520305870E0
1.623065564E1,-1.248689294E0,9.648156166E-1,2.231264114E0,2.732880106E0
1.623565564E1,-1.449158907E0,5.046204329E-1,1.617160797E0,2.229330025E0
1.624065564E1,-1.186885595E0,4.006611705E-1,1.057405472E0,1.639308733E0
1.624565564E1,-9.077583551E-1,4.455375075E-1,5.232458115E-1,1.138558335E0
1.625065564E1,-7.001358271E-1,4.095358551E-1,1.011247635E-1,8.173958715E-1
1.625565564E1,-6.393455863E-1,2.947783470E-1,6.168270111E-2,7.067261197E-1
1.626065564E1,-5.581483245E-1,1.213399768E-1,1.826906204E-1,5.996905910E-1
1.626565564E1,-8.699143529E-1,9.508635104E-2,3.220710754E-1,9.324817281E-1
1.627065564E1,-1.126417279E0,1.973935664E-1,2.685012817E-1,1.174679976E0
1.627565564E1,-1.125481725E0,3.695268333E-1,3.971891403E-1,1.249407222E0
1.628065564E1,-1.064607739E0,5.463413596E-1,3.814687729E-1,1.255944642E0
1.628565564E1,-9.640117288E-1,7.730654478E-1,3.062248230E-2,1.236077075E0
1.629065564E1,-6.399424672E-1,8.411431313E-1,-2.684602737E-1,1.090467353E0
1.629565564E1,-8.073345423E-1,7.164446115E-1,-4.127025604E-2,1.080178309E0
1.630065564E1,-7.906140089E-1,5.322139263E-1,4.475679398E-1,1.052919387E0
1.630565564E1,-9.506306648E-1,2.849666476E-1,6.749448776E-1,1.200189668E0
1.631065564E1,-1.205321193E0,-6.229230762E-2,5.441188812E-1,1.323912711E0
1.631565564E1,-1.697311163E0,5.502818525E-2,1.100869179E0,2.023809831E0
1.632065564E1,-2.013280392E0,4.599370360E-1,1.759829521E0,2.713271081E0
1.632565564E1,-2.023512840E0,6.038104892E-1,1.869630814E0,2.820409669E0
1.633065564E1,-1.791412592E0,5.213607550E-1,1.747339249E0,2.556202371E0
1.633565564E1,-1.230286598E0,2.831906080E-1,1.681943893E0,2.103030503E0
1.634065564E1,-1.211130023E0,9.610950947E-2,1.420789719E0,1.869416057E0
1.634565564E1,-1.312998295E0,3.298029304E-2,1.194799423E0,1.775555655E0
1.635065564E1,-1.222666025E0,-3.516227007E-3,9.623489380E-1,1.555969168E0
1.635565564E1,-1.010410070E0,5.369883776E-2,6.923122406E-1,1.226013179E0
1.636065564E1,-1.012346745E0,2.119914293E-1,3.434133530E-1,1.089825228E0
1.636565564E1,-9.208832383E-1,3.637089133E-1,7.041740417E-2,9.926070336E-1
1.637065564E1,-1.195356488E0,4.549888372E-1,-2.271394730E-1,1.299032069E0
1.637565564E1,-1.713484049E0,4.599040151E-1,-4.052715302E-1,1.819830844E0
1.638065564E1,-2.288510323E0,3.024370372E-1,-5.083713531E-1,2.363723565E0
1.638565564E1,-2.508895397E0,1.591740251E-1,-4.459714890E-1,2.553190759E0
1.639065564E1,-2.120503426E0,1.737894416E-1,2.266120911E-2,2.127733789E0
1.639565564E1,-1.690368295E0,3.009338081E-1,7.843532562E-1,1.887621826E0
1.640065564E1,-1.887734056E0,4.053343236E-1,1.395312309E0,2.382169645E0
1.640565564E1,-2.220097065E0,3.672659993E-1,1.934939384E0,2.967777908E0
1.641065564E1,-2.657798767E0,2.974166274E-1,2.212538719E0,3.470976595E0
1.641565564E1,-2.849166155E0,2.367160469E-1,2.270567894E0,3.650926023E0
1.642065564E1,-3.091753721E0,2.627210915E-1,1.939030647E0,3.658934721E0
1.642565564E1,-3.124711514E0,3.077614009E-1,1.589068413E0,3.519044976E0
1.643065564E1,-2.942006826E0,2.148189247E-1,1.340809822E0,3.240265779E0
1.643565564E1,-3.017037153E0,1.878496855E-1,1.236618042E0,3.266041162E0
1.644065564E1,-2.794821978E0,1.206234097E-1,1.266312599E0,3.070688439E0
1.644565564E1,-2.799032450E0,1.581241935E-1,1.218577385E0,3.056880233E0
1.645065564E1,-2.744881392E0,7.353189588E-2,1.085725784E0,2.952724381E0
1.645565564E1,-2.718763351E0,1.578696519E-1,8.963766098E-1,2.867069587E0
1.646065564E1,-2.487664700E0,2.012752891E-1,9.006824493E-1,2.653340588E0
1.646565564E1,-2.197105646E0,2.593228817E-1,8.598136902E-1,2.373562967E0
1.647065564E1,-1.615233421E0,4.655514359E-1,8.909912109E-1,1.902520035E0
1.647565564E1,-9.668157101E-1,3.477478623E-1,5.763263702E-1,1.178054871E0
1.648065564E1,-1.312539577E0,3.399532139E-1,-9.234428406E-3,1.355881117E0
1.648565564E1,-1.969274521E0,4.122874737E-1,-4.871940613E-2,2.012559733E0
1.649065564E1,-2.300186634E0,3.294808269E-1,3.634538651E-1,2.351917277E0
1.649565564E1,-2.784202576E0,1.991310716E-2,3.287124634E-1,2.803610600E0
1.650065564E1,-3.519578457E0,-3.328022361E-2,2.648544312E-1,3.529686666E0
1.650565564E1,-3.452845097E0,-2.767387033E-2,3.090610504E-1,3.466759847E0
1.651065564E1,-3.187650681E0,1.185831428E-2,6.731510162E-2,3.188383415E0
1.651565564E1,-3.119107485E0,2.943674326E-1,-1.364073753E-1,3.135935372E0
1.652065564E1,-2.922774792E0,3.648812473E-1,-3.468494415E-1,2.965814448E0
1.652565564E1,-2.613515377E0,3.043980002E-1,-6.104464531E-1,2.701067500E0
1.653065564E1,-2.722063541E0,3.557128608E-1,-9.090771675E-1,2.891813075E0
1.653565564E1,-2.893900871E0,5.325393677E-1,-1.098191261E0,3.140745847E0
1.654065564E1,-2.698480606E0,7.366449237E-1,-1.066080093E0,2.993487947E0
1.654565564E1,-2.311769962E0,8.036957979E-1,-9.715232849E-1,2.633261246E0
1.655065564E1,-2.343046665E0,9.631428719E-1,-1.012512684E0,2.728130093E0
1.655565564E1,-2.842594624E0,1.141142964E0,-9.792256355E-1,3.215810054E0
1.656065564E1,-3.180649281E0,1.121982932E0,-1.055503845E0,3.534043564E0
1.656565564E1,-3.702189445E0,1.034187078E0,-9.882297516E-1,3.968922731E0
1.657065564E1,-3.912186623E0,7.757568955E-1,-9.822564125E-1,4.107533395E0
1.657565564E1,-4.059572220E0,6.613518000E-1,-9.185986519E-1,4.214420043E0
1.658065564E1,-4.155281067E0,6.737504005E-1,-1.037968159E0,4.335628933E0
1.658565564E1,-4.140686035E0,7.793965340E-1,-1.472047567E0,4.463145061E0
1.659065564E1,-4.382441044E0,8.227578998E-1,-1.845775127E0,4.825930572E0
1.659565564E1,-4.959172249E0,7.770694494E-1,-1.875610590E0,5.358651081E0
1.660065564E1,-4.649502277E0,4.993585348E-1,-1.784433246E0,5.005140596E0
1.660565564E1,-3.970241547E0,2.469115257E-1,-1.607593775E0,4.290470951E0
1.661065564E1,-3.662878990E0,1.773960590E-1,-1.682012558E0,4.034515845E0
1.661565564E1,-4.235234261E0,1.744058132E-1,-2.512700081E0,4.927604725E0
1.662065564E1,-4.718686104E0,1.912810802E-1,-2.946144104E0,5.566179307E0
1.662565564E1,-4.719481468E0,3.745233417E-1,-2.525304794E0,5.365718719E0
1.663065564E1,-4.759697914E0,5.510942936E-1,-1.840520978E0,5.132830274E0
1.663565564E1,-4.997846127E0,7.643509507E-1,-1.228856206E0,5.203151531E0
1.664065564E1,-5.531431198E0,1.020694971E0,-9.775588512E-1,5.709130462E0
1.664565564E1,-5.524827003E0,1.087577581E0,-1.006567717E0,5.720115120E0
1.665065564E1,-5.075462341E0,1.034176707E0,-1.102170467E0,5.295717060E0
1.665565564E1,-5.298518181E0,9.643032551E-1,-1.476994514E0,5.584414784E0
1.666065564E1,-5.963791370E0,9.036652446E-1,-1.684687018E0,6.262714167E0
1.666565564E1,-6.481989384E0,9.280587435E-1,-1.807270288E0,6.792915817E0
1.667065564E1,-6.507497787E0,1.089874148E0,-1.670999527E0,6.806437580E0
1.667565564E1,-5.872859955E0,1.285420418E0,-1.448297143E0,6.183878582E0
1.668065564E1,-5.197826385E0,1.460884571E0,-1.622506380E0,5.637739779E0
1.668565564E1,-4.523303986E0,1.364365578E0,-2.126810789E0,5.181225387E0
1.669065564E1,-3.895659447E0,1.039294600E0,-2.640277386E0,4.819477198E0
1.669565564E1,-3.383877754E0,5.651472211E-1,-3.034010410E0,4.579873274E0
1.670065564E1,-3.312683105E0,1.890046000E-1,-3.354088783E0,4.717997845E0
1.670565564E1,-3.791765213E0,1.090869904E-1,-3.490701675E0,5.155034587E0
1.671065564E1,-4.347142696E0,2.092822790E-1,-3.573269129E0,5.631136738E0
1.671565564E1,-4.372190475E0,4.418250918E-1,-3.236070156E0,5.457417798E0
1.672065564E1,-4.005550861E0,6.415979862E-1,-2.469872952E0,4.749353438E0
1.672565564E1,-3.856169701E0,8.697381616E-1,-1.390636921E0,4.190508355E0
1.673065564E1,-4.151031971E0,8.731360435E-1,-3.952221870E-1,4.260238673E0
1.673565564E1,-1.241761112E1,-2.617093921E-1,4.031268597E0,1.305820372E1
1.674065564E1,-1.420618057E0,2.359622717E-1,5.919927120E0,6.092566862E0
1.674565564E1,-6.271209717E-1,4.125477314E0,-3.001394272E-1,4.183650016E0
1.675065564E1,-1.846128464E0,4.137376308E0,-4.611855507E0,6.464927242E0
1.675565564E1,-2.363180637E0,2.072188854E0,-4.204234600E0,5.249207363E0
1.676065564E1,-3.405326366E0,1.163412929E-1,-2.653194427E0,4.318474688E0
1.676565564E1,-4.679822922E0,-4.688038826E-1,-2.037065506E0,5.125441984E0
1.677065564E1,-3.991617680E0,-1.542828679E-1,-2.065446854E0,4.496986281E0
1.677565564E1,-2.692234516E0,2.770630121E-1,-2.470553398E0,3.664495149E0
1.678065564E1,-2.083726883E0,4.745128155E-1,-2.606822014E0,3.370845761E0
1.678565564E1,-2.017417908E0,4.504275918E-1,-2.297617435E0,3.090615782E0
1.679065564E1,-2.077433586E0,2.494461238E-1,-2.002861500E0,2.896447455E0
1.679565564E1,-2.152830601E0,8.258080482E-2,-1.679272652E0,2.731566551E0
1.680065564E1,-2.295338154E0,1.970161796E-1,-1.118156433E0,2.560794100E0
1.680565564E1,-2.250092983E0,5.265604258E-1,-3.320703506E-1,2.334620961E0
1.681065564E1,-1.928042412E0,8.712824583E-1,4.153752327E-1,2.156157983E0
1.681565564E1,-1.327051163E0,1.200979471E0,1.081444740E0,2.091157384E0
1.682065564E1,-7.507553101E-1,1.480690718E0,1.312183380E0,2.116105801E0
1.682565564E1,-2.972764969E-1,1.652938128E0,1.016345978E0,1.963042770E0
1.683065564E1,-4.413604736E-2,1.540673494E0,4.773020744E-1,1.613517920E0
1.683565564E1,-1.549105644E-1,1.241040468E0,-6.866645813E-2,1.252554913E0
1.684065564E1,-3.186702728E-1,9.957979918E-1,-5.956606865E-1,1.203318759E0
1.684565564E1,-2.905654907E-2,8.472769260E-1,-1.182757378E0,1.455210461E0
1.685065564E1,4.378118515E-1,6.849009991E-1,-1.755774975E0,1.934816363E0
1.685565564E1,9.629640579E-1,5.438444018E-1,-2.136693478E0,2.405935479E0
1.686065564E1,1.274223328E0,4.628325701E-1,-2.453208923E0,2.802872294E0
1.686565564E1,1.455659389E0,4.251957536E-1,-2.610704422E0,3.019190830E0
1.687065564E1,1.781045437E0,2.762572467E-1,-2.354145527E0,2.964867969E0
1.687565564E1,2.011259556E0,7.965832949E-3,-2.098223686E0,2.906504962E0
1.688065564E1,2.159064770E0,-2.288027108E-1,-2.255333424E0,3.130565478E0
1.688565564E1,2.364881516E0,-3.972192705E-1,-2.579186916E0,3.521740036E0
1.689065564E1,2.408093929E0,-4.547090828E-1,-2.613977432E0,3.583092901E0
1.689565564E1,2.152419567E0,-4.581704736E-1,-2.593944073E0,3.401672534E0
1.690065564E1,1.971691608E0,-5.084103346E-1,-2.499688625E0,3.224049021E0
1.690565564E1,1.773642063E0,-5.790978074E-1,-2.313590050E0,2.972180909E0
1.691065564E1,1.481920719E0,-5.574001670E-1,-1.958185196E0,2.518188481E0
1.691565564E1,1.411056519E0,-7.370589972E-1,-1.975850105E0,2.537384500E0
1.692065564E1,1.428874016E0,-5.467100143E-1,-1.910267353E0,2.447385166E0
1.692565564E1,1.416650772E0,-2.126420885E-1,-2.074228764E0,2.520821499E0
1.693065564E1,1.324231625E0,2.922701836E-2,-2.388803005E0,2.731450789E0
1.693565564E1,1.441008091E0,-4.488003254E-2,-2.789908886E0,3.140399676E0
1.694065564E1,1.685081959E0,-2.904624343E-1,-2.806572914E0,3.286445064E0
1.694565564E1,1.731623173E0,-5.551754832E-1,-2.465315819E0,3.063416510E0
1.695065564E1,1.554533005E0,-6.518629789E-1,-2.041442394E0,2.647448820E0
1.695565564E1,1.257168770E0,-6.399589777E-1,-1.575038433E0,2.114418803E0
1.696065564E1,9.749193192E-1,-5.996487141E-1,-1.502917767E0,1.889128919E0
1.696565564E1,7.309064865E-1,-5.491288304E-1,-1.737251759E0,1.963112436E0
1.697065564E1,5.750484467E-1,-5.123844147E-1,-2.044646263E0,2.184902022E0
1.697565564E1,1.074425697E0,-5.237769485E-1,-2.491024971E0,2.762958247E0
1.698065564E1,1.311873436E0,-5.942177773E-1,-2.706696987E0,3.065993356E0
1.698565564E1,8.755359650E-1,-5.739516020E-1,-2.588126183E0,2.791841830E0
1.699065564E1,6.415615082E-1,-3.845576048E-1,-2.622168541E0,2.726766139E0
1.699565564E1,6.656303406E-1,-1.897114217E-1,-2.746104240E0,2.831985641E0
1.700065564E1,9.345388412E-1,-1.577067375E-1,-2.795674801E0,2.951953904E0
1.700565564E1,7.343368530E-1,-9.631121159E-2,-2.797204733E0,2.893593057E0
1.701065564E1,6.146688461E-1,-2.705752850E-3,-2.450532198E0,2.526446747E0
1.701565564E1,1.408981323E0,-1.396735907E-1,-2.158115387E0,2.581123613E0
1.702065564E1,2.118220329E0,-2.400431633E-1,-1.921098471E0,2.869685944E0
1.702565564E1,2.238121033E0,-3.648236990E-1,-1.801400900E0,2.896088274E0
1.703065564E1,1.855195045E0,-5.812609196E-1,-1.810578346E0,2.656653320E0
1.703565564E1,1.239660263E0,-6.658900380E-1,-1.667308092E0,2.181761532E0
1.704065564E1,7.047700882E-1,-6.764999032E-1,-1.709848881E0,1.969247621E0
1.704565564E1,2.639522552E-1,-8.070182800E-1,-1.833467960E0,2.020533113E0
1.705065564E1,-1.176881790E-1,-9.879453182E-1,-1.843336582E0,2.094701939E0
1.705565564E1,-4.628572464E-1,-1.070814610E0,-1.675162077E0,2.041335039E0
1.706065564E1,-4.141874313E-1,-9.167004824E-1,-1.250893831E0,1.605187335E0
1.706565564E1,-6.685676575E-1,-7.293820381E-1,-4.578497410E-1,1.090232661E0
1.707065564E1,-1.334439278E0,-5.221744776E-1,7.825354934E-1,1.632714356E0
1.707565564E1,-1.048385620E0,-2.840352058E-2,2.068787575E0,2.319439846E0
1.708065564E1,5.540018082E-1,3.606626987E-1,2.392589808E0,2.482233183E0
1.708565564E1,1.686082840E0,1.839439273E-1,1.984777689E0,2.610757206E0
1.709065564E1,2.073949814E0,-2.232286334E-1,2.006462574E0,2.894303183E0
1.709565564E1,2.662024498E0,-5.073506236E-1,2.413438320E0,3.628837777E0
1.710065564E1,3.691972733E0,-6.766344309E-1,2.433779001E0,4.473452474E0
1.710565564E1,4.403784752E0,-6.428161263E-1,1.834725618E0,4.813808348E0
1.711065564E1,3.911170959E0,-5.091999769E-1,1.327884078E0,4.161708665E0
1.711565564E1,2.685029984E0,-6.311814785E-1,1.042306423E0,2.948589282E0
1.712065564E1,1.679286957E0,-8.344285488E-1,6.951499581E-1,1.999877284E0
1.712565564E1,9.023714066E-1,-9.162899256E-1,3.449009657E-1,1.331472140E0
1.713065564E1,-6.836605072E-2,-7.926063538E-1,6.603590250E-1,1.033911404E0
1.713565564E1,-1.247047424E0,-5.339189768E-1,1.192554951E0,1.806207093E0
1.714065564E1,-2.042918682E0,-4.210080206E-1,1.552746534E0,2.600343496E0
1.714565564E1,-2.500297546E0,-5.498713851E-1,1.415682793E0,2.925406661E0
1.715065564E1,-2.663683414E0,-6.128954887E-1,1.116994143E0,2.952715043E0
1.715565564E1,-2.784626007E0,-3.952148855E-1,1.001088381E0,2.985383518E0
1.716065564E1,-2.986054897E0,-7.461258173E-1,4.393831253E0,5.364604428E0
1.716565564E1,-1.824594498E0,-2.110865593E0,7.457918167E0,7.962753420E0
1.717065564E1,5.373525620E-1,-3.220880270E0,8.620695114E0,9.218416444E0
1.717565564E1,1.991935730E0,-3.555958509E0,9.766444206E0,1.058282010E1
1.718065564E1,1.882622719E0,-3.365356684E0,1.025505829E1,1.095609942E1
1.718565564E1,3.962831497E-1,-2.735515833E0,9.148351669E0,9.556799960E0
1.719065564E1,-9.270310402E-1,-1.617870927E0,7.295557976E0,7.530076963E0
1.719565564E1,-1.659183502E0,-5.856998563E-1,5.658417702E0,5.925675076E0
1.720065564E1,-2.505839348E0,-2.034802735E-1,4.608777523E0,5.249901458E0
1.720565564E1,-3.479834080E0,-1.607815772E-1,4.015071869E0,5.315627719E0
1.721065564E1,-6.740253448E0,-6.309787035E-1,3.444242477E0,7.595522162E0
1.721565564E1,-1.430226326E1,-2.525707245E0,6.251832008E0,1.581199971E1
1.722065564E1,5.441489697E0,-1.577208757E0,8.081954956E0,9.869923682E0
1.722565564E1,5.104119301E0,-1.670361161E0,6.134069443E0,8.152849083E0
1.723065564E1,1.487090588E0,-2.880865574E0,9.887769699E0,1.040571067E1
1.723565564E1,1.889038563E0,-2.965314865E0,1.131731033E1,1.185086799E1
1.724065564E1,3.473651886E0,-2.657117128E0,1.214409542E1,1.290757849E1
1.724565564E1,3.887619495E0,-2.500201941E0,1.093285561E1,1.186979051E1
1.725065564E1,4.947041512E0,-2.032045126E0,9.222776413E0,1.066123970E1
1.725565564E1,5.812088966E0,-9.762580991E-1,8.826089859E0,1.061288463E1
1.726065564E1,5.353816032E0,-2.052558362E-1,8.059464455E0,9.677832576E0
1.726565564E1,3.035545349E0,7.503719330E-1,7.541193962E0,8.163773636E0
1.727065564E1,9.711114168E-1,1.661034942E0,7.165850639E0,7.419670468E0
1.727565564E1,-4.929649830E-2,1.558432102E0,6.071416855E0,6.268432291E0
1.728065564E1,1.146299124E0,2.409113884E0,6.744987488E0,7.253460388E0
1.728565564E1,2.107995749E0,3.876456499E0,8.702757835E0,9.757487126E0
1.729065564E1,3.320119858E0,3.690406561E0,8.517086029E0,9.858146422E0
1.729565564E1,5.682334423E0,1.825654387E0,6.671588898E0,8.951649952E0
1.730065564E1,3.839587212E0,1.086534381E0,5.716997147E0,6.971875163E0
1.730565564E1,1.873593807E0,9.256279469E-1,6.383816719E0,6.717161361E0
1.731065564E1,3.844187260E-1,1.231109738E0,6.758772850E0,6.880728114E0
1.731565564E1,-2.284387589E0,1.195458055E0,7.611799240E0,8.036605893E0
1.732065564E1,-1.278147459E0,1.096406460E0,8.043390274E0,8.217779211E0
1.732565564E1,-1.638166904E-1,1.395830631E0,8.081324577E0,8.202620678E0
1.733065564E1,5.890572071E-1,9.103928804E-1,6.821378708E0,6.907026210E0
1.733565564E1,2.326827049E-1,5.319076180E-1,6.017098427E0,6.045042633E0
1.734065564E1,-1.619381905E0,7.735514045E-1,6.297883987E0,6.548596968E0
1.734565564E1,-3.887037754E0,1.057745934E0,6.396089554E0,7.558958297E0
1.735065564E1,-2.563438416E0,1.096882820E0,6.222591400E0,6.818725113E0
1.735565564E1,-1.740806580E0,1.258818150E0,6.024193764E0,6.395775261E0
1.736065564E1,-2.048273087E0,1.371935606E0,5.966946602E0,6.456166176E0
1.736565564E1,-2.500943184E0,1.522480726E0,4.912362099E0,5.718738127E0
1.737065564E1,-2.306522846E0,1.828959584E0,3.855743408E0,4.850968772E0
1.737565564E1,-1.410418510E0,2.160353184E0,3.755806923E0,4.556587747E0
1.738065564E1,-6.068367958E-1,2.197307587E0,3.756665230E0,4.394194485E0
1.738565564E1,3.113508224E-2,2.171788216E0,3.607778072E0,4.211139521E0
1.739065564E1,8.028573990E-1,2.142426968E0,3.204075813E0,3.937089678E0
1.739565564E1,1.497826576E0,2.184685469E0,2.662993908E0,3.756044675E0
1.740065564E1,1.974062443E0,2.255519867E0,2.514407635E0,3.912357109E0
1.740565564E1,1.914779186E0,2.237448931E0,2.808777332E0,4.069617568E0
1.741065564E1,1.504426479E0,1.966516137E0,3.461993217E0,4.256275577E0
1.741565564E1,1.305420399E0,1.428613186E0,4.127730846E0,4.558861699E0
1.742065564E1,1.032802582E0,8.735709190E-1,4.758298874E0,4.946838940E0
1.742565564E1,8.964529037E-1,5.242243409E-1,4.804624557E0,4.915572816E0
1.743065564E1,1.034751415E0,4.289478064E-1,4.303928375E0,4.447303247E0
1.743565564E1,1.083256721E0,4.535655081E-1,3.617105961E0,3.802975457E0
1.744065564E1,6.850171089E-1,5.290184021E-1,2.894742489E0,3.021364425E0
1.744565564E1,-5.357837677E-2,5.867217779E-1,2.163830757E0,2.242604877E0
1.745065564E1,-7.245197296E-1,6.372382641E-1,1.893157005E0,2.124863499E0
1.745565564E1,-1.363678932E0,6.040146351E-1,2.233201981E0,2.685450613E0
1.746065564E1,-1.668970108E0,3.780638576E-1,2.724573612E0,3.217404990E0
1.746565564E1,-1.945278168E0,3.686973453E-2,3.024206638E0,3.596010612E0
1.747065564E1,-2.203162193E0,-2.174342424E-1,3.188364506E0,3.881606564E0
1.747565564E1,-2.781682968E0,-2.514343262E-1,3.259149551E0,4.292206327E0
1.748065564E1,-3.264939308E0,-1.326005459E-1,3.198755264E0,4.572684860E0
1.748565564E1,-3.424319267E0,4.678345472E-2,3.309732437E0,4.762612722E0
1.749065564E1,-3.302148819E0,2.248766720E-1,3.506046772E0,4.821526761E0
1.749565564E1,-3.226627350E0,2.016937137E-1,3.534564257E0,4.790088610E0
1.750065564E1,-3.071311951E0,2.773380838E-2,3.160260916E0,4.406923566E0
1.750565564E1,-2.660737991E0,-1.312859654E-1,2.627857685E0,3.741977910E0
1.751065564E1,-2.382393837E0,-1.957887262E-1,2.395081997E0,3.383866338E0
1.751565564E1,-2.318757057E0,-2.299889177E-1,2.551811218E0,3.455614227E0
1.752065564E1,-2.290588379E0,-2.762372792E-1,2.738264084E0,3.580669260E0
1.752565564E1,-2.091345787E0,-3.625099361E-1,2.754427195E0,3.477356730E0
1.753065564E1,-1.831619263E0,-3.693611622E-1,2.649335384E0,3.241949224E0
1.753565564E1,-1.578749657E0,-2.983481288E-1,2.528163671E0,2.995508911E0
1.754065564E1,-1.312763214E0,-1.988071203E-1,2.488691807E0,2.820719489E0
1.754565564E1,-1.301524162E0,-2.188653201E-1,2.680170298E0,2.987503974E0
1.755065564E1,-1.524013519E0,-2.987458408E-1,3.113427639E0,3.479266869E0
1.755565564E1,-1.550245285E0,-3.995052874E-1,3.603027105E0,3.942672855E0
1.756065564E1,-1.482456207E0,-5.057796836E-1,3.894704342E0,4.197881776E0
1.756565564E1,-1.463197708E0,-6.464133263E-1,3.938560486E0,4.251006519E0
1.757065564E1,-1.452124596E0,-7.685167193E-1,3.990206242E0,4.315209107E0
1.757565564E1,-1.369590759E0,-7.809351683E-1,4.063446999E0,4.358582349E0
1.758065564E1,-1.257769585E0,-6.814717650E-1,4.100795746E0,4.343145616E0
1.758565564E1,-1.086303711E0,-5.973294377E-1,3.863963604E0,4.057964138E0
1.759065564E1,-8.485708237E-1,-5.068523288E-1,3.443906307E0,3.582940465E0
1.759565564E1,-5.606050491E-1,-4.126353860E-1,3.099435329E0,3.176640575E0
1.760065564E1,-4.751119614E-1,-3.254722059E-1,2.952974319E0,3.008607795E0
1.760565564E1,-4.310188293E-1,-2.278007120E-1,2.661696434E0,2.705974557E0
1.761065564E1,-4.991464615E-1,-1.344924569E-1,2.619131088E0,2.669659729E0
1.761565564E1,-5.134592056E-1,-1.009197533E-1,2.678110600E0,2.728754576E0
1.762065564E1,-3.102121353E-1,-1.277411282E-1,2.795178175E0,2.815238959E0
1.762565564E1,-6.881332397E-2,-1.998695880E-1,2.957380295E0,2.964925182E0
1.763065564E1,1.028814316E-1,-2.794809341E-1,3.271064043E0,3.284593454E0
1.763565564E1,1.290874481E-1,-3.509980142E-1,3.692933798E0,3.711822088E0
1.764065564E1,1.376466751E-1,-4.052976668E-1,4.055140495E0,4.077668113E0
1.764565564E1,3.799772263E-1,-4.556386471E-1,4.195919037E0,4.237655700E0
1.765065564E1,7.396345139E-1,-4.351725578E-1,4.250536919E0,4.336300089E0
1.765565564E1,9.719705582E-1,-4.079014659E-1,4.305521011E0,4.432676567E0
1.766065564E1,1.127155304E0,-3.478047550E-1,4.467939377E0,4.621031216E0
1.766565564E1,1.353275299E0,-2.408236861E-1,4.685016155E0,4.882491829E0
1.767065564E1,1.610849380E0,-2.381291389E-1,4.816277027E0,5.084099292E0
1.767565564E1,1.904073715E0,-2.172290683E-1,4.875507832E0,5.238631672E0
1.768065564E1,2.238556862E0,-2.236167639E-1,4.898044586E0,5.389989058E0
1.768565564E1,2.623231888E0,-1.918139607E-1,4.784260750E0,5.459605211E0
1.769065564E1,3.061046600E0,-1.031138897E-1,4.628289223E0,5.549927918E0
1.769565564E1,3.370094299E0,1.837611198E-2,4.622810364E0,5.720860855E0
1.770065564E1,3.560384750E0,1.154629290E-1,4.613719940E0,5.828900664E0
1.770565564E1,3.610055923E0,2.116961181E-1,4.713641167E0,5.941021130E0
1.771065564E1,3.685000896E0,2.508699596E-1,4.949661255E0,6.175865436E0
1.771565564E1,3.881569862E0,2.329725623E-1,5.218221664E0,6.507741402E0
1.772065564E1,4.233820915E0,2.418551445E-1,5.592453003E0,7.018494429E0
1.772565564E1,4.800384045E0,2.989944518E-1,6.186886311E0,7.836494553E0
1.773065564E1,5.099644184E0,2.200923264E-1,6.915866852E0,8.595581757E0
1.773565564E1,5.135382652E0,-1.162052155E-3,7.289778709E0,8.917007904E0
1.774065564E1,5.238252640E0,-2.751217484E-1,7.302143097E0,8.990899649E0
1.774565564E1,5.518712997E0,-3.807454407E-1,7.328765392E0,9.182154563E0
1.775065564E1,5.723061562E0,-3.661680818E-1,7.394221306E0,9.357458064E0
1.775565564E1,5.818714142E0,-3.678960502E-1,7.494070053E0,9.494939059E0
1.776065564E1,5.800801277E0,-3.595227301E-1,7.514474392E0,9.499783021E0
1.776565564E1,5.835264206E0,-3.129406273E-1,7.360329628E0,9.398015345E0
1.777065564E1,5.986592293E0,-2.207469344E-1,7.064771652E0,9.262775771E0
1.777565564E1,6.233774185E0,-9.404924512E-2,6.859056950E0,9.269058641E0
1.778065564E1,6.480330944E0,-6.962716579E-4,6.662776947E0,9.294476116E0
1.778565564E1,6.561977863E0,2.536657453E-2,6.362405777E0,9.140043994E0
1.779065564E1,6.338731766E0,-9.681671858E-3,6.232959747E0,8.889848218E0
1.779565564E1,6.034655571E0,-1.178533435E-1,6.293734550E0,8.720209393E0
1.780065564E1,5.904828072E0,-2.906551659E-1,6.367201805E0,8.688655466E0
1.780565564E1,5.960129738E0,-3.975236714E-1,6.418314934E0,8.767892458E0
1.781065564E1,6.063513279E0,-3.204279542E-1,6.498274326E0,8.893617744E0
1.781565564E1,6.186631680E0,-1.728118658E-1,6.503416061E0,8.977677648E0
1.782065564E1,6.326747894E0,-1.030057669E-1,6.458878040E0,9.041872298E0
1.782565564E1,6.493669987E0,-1.551296711E-1,6.297472000E0,9.047097253E0
1.783065564E1,6.669407845E0,-1.609404236E-1,6.056558609E0,9.010483061E0
1.783565564E1,6.715690136E0,-9.085449576E-2,5.840575218E0,8.900621744E0
1.784065564E1,6.899732113E0,9.918361902E-3,5.794881344E0,9.010385752E0
1.784565564E1,7.086828232E0,1.161721647E-1,5.494150162E0,8.967849037E0
1.785065564E1,7.035473824E0,2.232040167E-1,5.051909924E0,8.664266030E0
1.785565564E1,6.888675213E0,3.001305461E-1,4.861998558E0,8.436999141E0
1.786065564E1,6.688722134E0,3.221976161E-1,4.850927830E0,8.268876338E0
1.786565564E1,6.386442184E0,2.619563937E-1,4.735026836E0,7.954605211E0
1.787065564E1,6.170719624E0,2.394961715E-1,4.595913887E0,7.697893449E0
1.787565564E1,5.955092430E0,2.675848007E-1,4.399245262E0,7.408649428E0
1.788065564E1,5.601967812E0,3.022408485E-1,4.205981255E0,7.011681054E0
1.788565564E1,5.291775703E0,3.243250251E-1,4.057342529E0,6.676084572E0
1.789065564E1,5.250918865E0,2.882695198E-1,3.868097305E0,6.528202280E0
1.789565564E1,5.374132156E0,2.672483325E-1,3.710754156E0,6.536238560E0
1.790065564E1,5.201529980E0,2.885296941E-1,3.935140133E0,6.528743476E0
1.790565564E1,4.730495453E0,1.287309527E-1,4.118186474E0,6.273246267E0
1.791065564E1,4.462757111E0,-1.874113083E-1,3.881091356E0,5.917279285E0
1.791565564E1,4.211393356E0,-3.452438116E-1,3.871576309E0,5.730979882E0
1.792065564E1,3.703409672E0,-3.030503392E-1,4.068617821E0,5.510057502E0
1.792565564E1,3.044888496E0,-2.226157188E-1,4.147405148E0,5.149939143E0
1.793065564E1,2.781186104E0,-1.900389194E-1,4.119940758E0,4.974436931E0
1.793565564E1,2.844254017E0,-1.720644832E-1,3.788165092E0,4.740209053E0
1.794065564E1,2.914179802E0,-1.318078041E-1,3.291661501E0,4.398278374E0
1.794565564E1,2.820199013E0,-1.062530279E-1,2.837392330E0,4.001950451E0
1.795065564E1,2.541587830E0,-5.634659529E-2,2.525407076E0,3.583367764E0
1.795565564E1,2.175168037E0,1.122581959E-2,2.148516655E0,3.057385456E0
1.796065564E1,2.037796497E0,3.875672817E-2,1.601846933E0,2.592302113E0
1.796565564E1,2.072109222E0,6.547081470E-2,1.050835609E0,2.324258707E0
1.797065564E1,2.023839951E0,1.115877628E-1,6.190814972E-1,2.119349399E0
1.797565564E1,1.785993576E0,2.081340551E-1,5.400249958E-1,1.877423723E0
1.798065564E1,1.480855942E0,2.796477079E-1,6.463249922E-1,1.639778386E0
1.798565564E1,1.320562363E0,1.930310726E-1,5.184534192E-1,1.431761117E0
1.799065564E1,1.384793282E0,8.620500565E-2,2.655147016E-1,1.412650626E0
1.799565564E1,1.481925964E0,8.502030373E-2,8.886052668E-2,1.487020245E0
1.800065564E1,1.413508415E0,1.407575607E-1,-1.124590933E-1,1.424944132E0
1.800565564E1,1.348751068E0,1.007734537E-1,-4.274926484E-1,1.418462089E0
1.801065564E1,1.372619629E0,3.558039665E-2,-6.606572866E-1,1.523751509E0
1.801565564E1,1.342415810E0,4.527771473E-2,-7.104426026E-1,1.519492997E0
1.802065564E1,1.201416016E0,1.044899225E-1,-9.593474865E-1,1.540995193E0
1.802565564E1,8.976716995E-1,7.901787758E-2,-1.436398268E0,1.695670454E0
1.803065564E1,5.517206192E-1,-1.103770733E-2,-1.927375078E0,2.004817240E0
1.803565564E1,1.902742386E-1,-6.704521179E-2,-1.910187006E0,1.920810700E0
1.804065564E1,-1.448259354E-1,-9.439766407E-2,-1.785799861E0,1.794147880E0
1.804565564E1,-5.027647018E-1,-1.679624319E-1,-1.592724800E0,1.678617292E0
1.805065564E1,-1.144066811E0,-1.417858601E-1,-9.999907017E-1,1.526097474E0
1.805565564E1,-1.868447304E0,-1.112973690E-2,-5.214025974E-1,1.939865940E0
1.806065564E1,-2.041258812E0,7.693600655E-2,-6.380553246E-1,2.140040019E0
1.806565564E1,-1.760450363E0,1.277008057E-1,-1.145714045E0,2.104317858E0
1.807065564E1,-1.772193909E0,2.347091436E-1,-1.575374842E0,2.382764261E0
1.807565564E1,-2.152025223E0,3.417778015E-1,-1.649503112E0,2.732926113E0
1.808065564E1,-2.229414940E0,2.958328724E-1,-1.629354715E0,2.777157693E0
1.808565564E1,-1.937879562E0,1.826604605E-1,-1.596363068E0,2.517363122E0
1.809065564E1,-1.638221741E0,2.001512051E-1,-1.542395830E0,2.258941317E0
1.809565564E1,-1.531131744E0,3.010548353E-1,-1.521544933E0,2.179471821E0
1.810065564E1,-1.507558823E0,3.043026924E-1,-1.437339544E0,2.105060260E0
1.810565564E1,-1.405490875E0,3.243249655E-1,-1.740542412E0,2.260548423E0
1.811065564E1,-1.403951168E0,4.900021553E-1,-2.340477467E0,2.772907457E0
1.811565564E1,-1.480360031E0,5.870817900E-1,-2.513947964E0,2.975914181E0
1.812065564E1,-1.689647675E0,5.180426836E-1,-2.341668367E0,2.933715772E0
1.812565564E1,-2.103969097E0,4.466217756E-1,-2.043141127E0,2.966577596E0
1.813065564E1,-2.678728580E0,5.079394579E-1,-1.910129070E0,3.328991193E0
1.813565564E1,-3.152063370E0,6.819665432E-1,-1.510293007E0,3.561118760E0
1.814065564E1,-3.339761734E0,7.609589100E-1,-1.152276516E0,3.613974000E0
1.814565564E1,-3.317302227E0,8.958384991E-1,-8.203430176E-1,3.532701990E0
1.815065564E1,-3.265758038E0,1.047939301E0,-1.003389359E-1,3.431241793E0
1.815565564E1,-3.106707573E0,1.068004847E0,6.992697716E-1,3.358756393E0
1.816065564E1,-2.535109997E0,1.052238226E0,1.205871105E0,2.998018196E0
1.816565564E1,-1.948479652E0,9.219949245E-1,1.600780964E0,2.684985529E0
1.817065564E1,-1.816116810E0,8.438730240E-1,2.009022713E0,2.836648411E0
1.817565564E1,-1.873281956E0,1.003965855E0,2.408232689E0,3.211964727E0
1.818065564E1,-1.844048977E0,9.908318520E-1,2.788010597E0,3.486440517E0
1.818565564E1,-1.949720144E0,8.141462803E-1,3.408988953E0,4.010666838E0
1.819065564E1,-2.253832817E0,9.341914654E-1,3.808642387E0,4.523077812E0
1.819565564E1,-2.964790106E0,1.518167973E0,3.483360291E0,4.819607171E0
1.820065564E1,-2.715204716E0,2.007477760E0,3.227255821E0,4.670918940E0
1.820565564E1,-2.769264698E0,2.393078804E0,3.086824417E0,4.787915842E0
1.821065564E1,-2.997088909E0,2.591740847E0,3.836229324E0,5.515099090E0
1.821565564E1,-3.458550215E0,2.479268551E0,4.540598869E0,6.222971977E0
1.822065564E1,-3.444526672E0,2.110904455E0,5.138714790E0,6.536594780E0
1.822565564E1,-2.718112707E0,1.649928570E0,5.968539238E0,6.762681540E0
1.823065564E1,-2.146190882E0,1.306588411E0,6.835131645E0,7.282330203E0
1.823565564E1,-1.887800694E0,1.174056292E0,7.415419579E0,7.741488691E0
1.824065564E1,-2.155452251E0,1.278133631E0,7.596599579E0,7.999245286E0
1.824565564E1,-2.540773869E0,1.487468958E0,7.522568703E0,8.078188884E0
1.825065564E1,-2.581705093E0,1.601217270E0,7.318003654E0,7.923526704E0
1.825565564E1,-2.336374760E0,1.606342316E0,7.141798019E0,7.684026393E0
1.826065564E1,-2.114928484E0,1.414267063E0,7.099723816E0,7.541826840E0
1.826565564E1,-1.708187103E0,1.239995003E0,7.359869957E0,7.656577340E0
1.827065564E1,-9.188551903E-1,1.198790312E0,7.645916939E0,7.793679420E0
1.827565564E1,-4.870529175E-1,1.704744577E0,7.523674011E0,7.729750659E0
1.828065564E1,-2.718162537E-1,2.503094435E0,7.477563858E0,7.890077761E0
1.828565564E1,-2.248678207E-1,3.209823132E0,8.313819885E0,8.914770393E0
1.829065564E1,-3.067846298E-1,3.467071772E0,9.854285240E0,1.045091580E1
1.829565564E1,-2.936496735E-1,3.164531231E0,1.094946575E1,1.140137221E1
1.830065564E1,-1.628494263E-1,2.469940662E0,1.151727486E1,1.178026939E1
1.830565564E1,-3.792905807E-1,1.922606945E0,1.147968864E1,1.164575159E1
1.831065564E1,-8.902940750E-1,1.664266825E0,1.089690685E1,1.105915849E1
1.831565564E1,-8.868846893E-1,1.592782140E0,1.009598351E1,1.025925935E1
1.832065564E1,-3.258070946E-1,1.641534448E0,9.445467949E0,9.592583092E0
1.832565564E1,7.111072540E-3,1.623336792E0,9.072380066E0,9.216471829E0
1.833065564E1,-9.225082397E-2,1.554874539E0,8.847291946E0,8.983357937E0
1.833565564E1,-2.511863708E-1,1.477446198E0,8.702747345E0,8.830841025E0
1.834065564E1,-1.974191666E-1,1.416805983E0,8.378633499E0,8.499871342E0
1.834565564E1,3.040285110E-1,1.672670007E0,7.964499950E0,8.143925205E0
1.835065564E1,5.281610489E-1,2.135553837E0,8.175729752E0,8.466528288E0
1.835565564E1,3.401613235E-1,1.978278041E0,8.569974899E0,8.801918172E0
1.836065564E1,2.302331924E-1,1.815465450E0,8.736481667E0,8.926087275E0
1.836565564E1,-1.754207611E-1,2.146885633E0,8.609939575E0,8.875299987E0
1.837065564E1,-9.689130783E-1,2.653440237E0,8.338684082E0,8.804157533E0
1.837565564E1,-1.925499916E0,3.103775501E0,8.173398972E0,8.952397614E0
1.838065564E1,-2.221055984E0,3.295344114E0,7.949470520E0,8.887432929E0
1.838565564E1,-1.925752640E0,3.333083868E0,7.638390541E0,8.553536190E0
1.839065564E1,-1.599976540E0,3.244301796E0,7.316952705E0,8.162304574E0
1.839565564E1,-1.454256058E0,3.029857635E0,6.828091621E0,7.610370107E0
1.840065564E1,-1.501175880E0,2.929744720E0,6.526559353E0,7.309781812E0
1.840565564E1,-1.452422142E0,2.838501930E0,6.277828217E0,7.041146952E0
1.841065564E1,-1.298839569E0,2.748520136E0,5.991416454E0,6.718513101E0
1.841565564E1,-7.229309082E-1,2.622498512E0,5.700352669E0,6.316181449E0
1.842065564E1,-1.588964462E-1,2.465492010E0,5.278285027E0,5.827880554E0
1.842565564E1,-3.830814362E-2,2.333268404E0,4.797082424E0,5.334567344E0
1.843065564E1,-2.203369141E-2,2.190569878E0,4.277379990E0,4.805732145E0
1.843565564E1,-5.028057098E-2,2.065460920E0,4.218467236E0,4.697246296E0
1.844065564E1,1.049156189E-1,1.878072262E0,4.322084427E0,4.713658505E0
1.844565564E1,2.989158630E-1,1.748588204E0,4.651350021E0,4.978149096E0
1.845065564E1,1.666955948E-1,1.827578425E0,5.046408653E0,5.369736550E0
1.845565564E1,-1.718196869E-1,1.968307614E0,5.526988029E0,5.869527540E0
1.846065564E1,-6.376791000E-1,1.951338768E0,5.974544048E0,6.317399323E0
1.846565564E1,-5.916519165E-1,1.790536642E0,6.171722412E0,6.453389109E0
1.847065564E1,-4.668655396E-1,1.582670808E0,6.564295292E0,6.768514091E0
1.847565564E1,-3.883743286E-1,1.304376245E0,6.847344398E0,6.981286222E0
1.848065564E1,-6.736774445E-1,1.106679320E0,6.988812447E0,7.107888563E0
1.848565564E1,-1.352091789E0,1.033226728E0,7.121579170E0,7.322062521E0
1.849065564E1,-1.499861717E0,9.812340140E-1,6.509279251E0,6.751527363E0
1.849565564E1,-1.526872158E0,1.021952271E0,5.651353836E0,5.942518423E0
1.850065564E1,-2.134563446E0,1.225936055E0,5.199210167E0,5.752483522E0
1.850565564E1,-2.811089516E0,1.281196356E0,5.005111217E0,5.881736705E0
1.851065564E1,-3.032877922E0,1.145034552E0,4.489952087E0,5.537970961E0
1.851565564E1,-2.960409164E0,1.007085204E0,3.863220692E0,4.970182808E0
1.852065564E1,-3.208527565E0,9.268664718E-1,4.024939537E0,5.230092625E0
1.852565564E1,-2.560191154E0,8.254384995E-1,3.544729233E0,4.449835143E0
1.853065564E1,-2.751696110E0,9.481375813E-1,3.542820454E0,4.585016153E0
1.853565564E1,-3.676017761E0,9.824209809E-1,5.478765011E0,6.670466521E0
1.854065564E1,-3.516968250E0,7.035442591E-1,5.269340992E0,6.374166195E0
1.854565564E1,-3.256785393E0,4.443657994E-1,4.380720615E0,5.476753159E0
1.855065564E1,-3.189954758E0,3.795236945E-1,4.068489075E0,5.183864672E0
1.855565564E1,-3.263072014E0,4.353510439E-1,3.716096878E0,4.964528730E0
1.856065564E1,-3.122792721E0,6.054570675E-1,3.054413557E0,4.409972201E0
1.856565564E1,-3.425405025E0,8.472214341E-1,2.828924179E0,4.522609397E0
1.857065564E1,-3.971311808E0,6.820781231E-1,3.106963634E0,5.088199197E0
1.857565564E1,-3.952544212E0,3.057408929E-1,2.804252625E0,4.855915570E0
1.858065564E1,-3.808957577E0,-7.652111351E-2,3.647851467E0,5.274545822E0
1.858565564E1,-3.834647417E0,-2.306834161E-1,3.720562220E0,5.347926597E0
1.859065564E1,-4.258768082E0,-2.975251973E-1,3.721704245E0,5.663630399E0
1.859565564E1,-4.793625355E0,-2.863629758E-1,3.372270107E0,5.867968428E0
1.860065564E1,-5.269873142E0,-3.757599592E-1,3.183739424E0,6.168383516E0
1.860565564E1,-6.003759861E0,-4.204385579E-1,2.961101055E0,6.707460064E0
1.861065564E1,-6.789442062E0,-3.919041455E-1,2.912693501E0,7.398235993E0
1.861565564E1,-7.442536354E0,-3.022583723E-1,2.980878830E0,8.022988602E0
1.862065564E1,-7.740509987E0,-1.644082665E-1,3.068790913E0,8.328265282E0
1.862565564E1,-7.551834106E0,-9.747521579E-2,3.133203030E0,8.176592262E0
1.863065564E1,-7.103133202E0,3.997358680E-2,3.274747849E0,7.821769150E0
1.863565564E1,-6.336189270E0,1.394599080E-1,3.336698055E0,7.162422596E0
1.864065564E1,-5.398499012E0,1.677250266E-1,3.467093468E0,6.418150854E0
1.864565564E1,-4.624404907E0,1.685581654E-1,3.816231251E0,5.998095828E0
1.865065564E1,-4.164527893E0,1.988705397E-1,4.339307785E0,6.017676804E0
1.865565564E1,-3.789939404E0,3.175425529E-1,4.767090797E0,6.098329987E0
1.866065564E1,-3.335971355E0,5.353101492E-1,4.801751137E0,5.871292517E0
1.866565564E1,-2.860681057E0,8.988837004E-1,4.491471291E0,5.400444646E0
1.867065564E1,-2.619477749E0,1.288999557E0,4.158404350E0,5.080896602E0
1.867565564E1,-2.488355160E0,1.520737410E0,4.027438164E0,4.972405035E0
1.868065564E1,-2.305022240E0,1.496705055E0,4.044886589E0,4.890231187E0
1.868565564E1,-2.658039093E0,1.389462829E0,4.105143547E0,5.084091100E0
1.869065564E1,-3.403405905E0,1.296269298E0,4.024230480E0,5.427514791E0
1.869565564E1,-3.638588428E0,9.921356440E-1,3.616728783E0,5.225359890E0
1.870065564E1,-3.541521788E0,7.226260900E-1,2.805183411E0,4.575327202E0
1.870565564E1,-3.556958914E0,5.648473501E-1,1.891367912E0,4.067957943E0
1.871065564E1,-3.737240314E0,4.305528998E-1,1.250677109E0,3.964408430E0
1.871565564E1,-3.673256159E0,2.683143616E-1,9.270191193E-1,3.797916251E0
1.872065564E1,-3.159400463E0,5.025553703E-2,8.330740929E-1,3.267774372E0
1.872565564E1,-2.739987373E0,-7.402503490E-2,8.265533447E-1,2.862900792E0
1.873065564E1,-2.904201031E0,7.738983631E-2,6.444439888E-1,2.975849604E0
1.873565564E1,-2.990210772E0,3.282020092E-1,6.037969589E-1,3.068166844E0
1.874065564E1,-2.732274532E0,5.687012672E-1,7.282829285E-1,2.884292162E0
1.874565564E1,-2.247117519E0,7.052959800E-1,1.077446938E0,2.589955882E0
1.875065564E1,-1.612832546E0,8.991459608E-1,1.263804913E0,2.237609246E0
1.875565564E1,-9.169368744E-1,1.106479406E0,1.055502415E0,1.783018580E0
1.876065564E1,-4.036192894E-1,1.145219207E0,6.720905304E-1,1.387854907E0
1.876565564E1,-8.326244354E-2,1.045605421E0,4.067764282E-1,1.125029063E0
1.877065564E1,-3.196477890E-2,7.775144577E-1,-1.193656921E-1,7.872729180E-1
1.877565564E1,4.112052917E-2,4.082223773E-1,-7.487535477E-1,8.537963940E-1
1.878065564E1,1.725382805E-1,-1.040811539E-1,-9.498567581E-1,9.709944417E-1
1.878565564E1,9.179067612E-2,-6.093777418E-1,-9.897317886E-1,1.165905560E0
1.879065564E1,-8.975124359E-2,-9.343249202E-1,-1.094504356E0,1.441859261E0
1.879565564E1,-1.977992058E-1,-1.156045914E0,-1.194612503E0,1.674116398E0
1.880065564E1,-2.648539543E-1,-1.367691517E0,-1.213067055E0,1.847230192E0
1.880565564E1,-4.107079506E-1,-1.574438810E0,-9.662122726E-1,1.892380708E0
1.881065564E1,-4.727625847E-1,-1.698471069E0,-6.239585876E-1,1.870195913E0
1.881565564E1,-1.629528999E-1,-1.893913507E0,-1.602015495E-1,1.907649485E0
1.882065564E1,4.752016068E-2,-1.831243992E0,-2.114276886E-1,1.844021256E0
1.882565564E1,-5.575466156E-2,-1.483973622E0,-4.046058655E-2,1.485571726E0
1.883065564E1,-5.824136734E-2,-1.199036121E0,1.099758148E-1,1.205476817E0
1.883565564E1,-4.566774368E-1,-9.222437739E-1,3.651280403E-1,1.091973601E0
1.884065564E1,-6.673541069E-1,-5.586454272E-1,8.213844299E-1,1.196711577E0
1.884565564E1,-3.783564568E-1,-4.126466513E-1,1.088843346E0,1.224340924E0
1.885065564E1,3.335108757E-1,-5.992011428E-1,9.526081085E-1,1.173769024E0
1.885565564E1,-8.587837219E-4,-9.258730412E-1,6.736974716E-1,1.145037078E0
1.886065564E1,2.749567032E-1,-5.689551830E-1,7.883424759E-1,1.010344025E0
1.886565564E1,1.365511894E0,-3.944859505E-1,-2.351341248E-1,1.440669967E0
1.887065564E1,6.615314484E-1,-2.835567892E-1,-4.522480965E-1,8.500333232E-1
1.887565564E1,1.959629059E-1,-2.464495003E-1,5.231952667E-2,3.191804342E-1
1.888065564E1,8.075037003E-1,-5.365555286E-1,2.745680809E-1,1.007641649E0
1.888565564E1,1.378204823E0,-6.413714886E-1,1.974468231E-1,1.532902856E0
1.889065564E1,1.929791451E0,-2.982057929E-1,7.663631439E-2,1.954199289E0
1.889565564E1,2.739540577E0,3.368437290E-3,-3.326010704E-1,2.759658927E0
1.890065564E1,3.098557472E0,1.696475148E-1,-7.429285049E-1,3.190890385E0
1.890565564E1,3.307488441E0,2.532806993E-1,-6.499814987E-1,3.380252483E0
1.891065564E1,3.620057106E0,1.334939003E-1,-3.885922432E-1,3.643300427E0
1.891565564E1,3.996886253E0,-1.052920818E-1,-1.047902107E-1,3.999645876E0
1.892065564E1,4.064299583E0,-4.213194847E-1,1.901912689E-2,4.086123216E0
1.892565564E1,3.991670609E0,-7.717633247E-1,-8.985853195E-2,4.066586705E0
1.893065564E1,3.845410347E0,-1.125007153E0,-4.871678352E-1,4.036106333E0
1.893565564E1,3.652097702E0,-1.220812798E0,-6.855885983E-1,3.911295596E0
1.894065564E1,3.306583405E0,-9.972853065E-1,-7.249884605E-1,3.528977198E0
1.894565564E1,2.692003250E0,-6.528702378E-1,-5.853137970E-1,2.831203505E0
1.895065564E1,2.026927948E0,-5.396391153E-1,-3.917169571E-1,2.133796957E0
1.895565564E1,1.686687469E0,-4.668708444E-1,-2.438514233E-1,1.767016277E0
1.896065564E1,1.741524696E0,-3.190780282E-1,-1.521041393E-1,1.777035375E0
1.896565564E1,2.076559067E0,-1.368294358E-1,-1.463603973E-1,2.086202583E0
1.897065564E1,2.193501472E0,3.020381927E-2,-5.377494097E-1,2.258657878E0
1.897565564E1,1.963097572E0,2.274746299E-1,-7.223691940E-1,2.104118352E0
1.898065564E1,1.796767235E0,3.708581328E-1,-5.468504429E-1,1.914406868E0
1.898565564E1,1.810095787E0,3.382450640E-1,-2.298997045E-1,1.855723674E0
1.899065564E1,1.692317009E0,2.946466208E-1,2.205678821E-1,1.731878656E0
1.899565564E1,1.676408768E0,2.092126906E-1,5.113112330E-1,1.765093619E0
1.900065564E1,1.747061729E0,9.263068438E-2,8.500949740E-1,1.945113517E0
1.900565564E1,2.334810257E0,-7.576048374E-3,1.000197887E0,2.540037824E0
1.901065564E1,3.378937721E0,1.243472099E-2,7.574403882E-1,3.462815428E0
1.901565564E1,4.129283905E0,3.676551580E-2,7.592993975E-1,4.198675130E0
1.902065564E1,4.280143738E0,-4.881000519E-2,8.379342556E-1,4.361667875E0
1.902565564E1,3.951169014E0,-1.810048670E-1,6.960159540E-1,4.016084853E0
1.903065564E1,3.435172081E0,-4.147785902E-1,1.866164207E-1,3.465151395E0
1.903565564E1,2.777608871E0,-7.586362362E-1,-5.304833651E-1,2.927806787E0
1.904065564E1,2.226191521E0,-1.140465617E0,-9.740823507E-1,2.684292632E0
1.904565564E1,1.506800652E0,-1.407850862E0,-1.056347251E0,2.316972543E0
1.905065564E1,8.058433533E-1,-1.511012673E0,-9.339144230E-1,1.950574007E0
1.905565564E1,-4.246997833E-2,-1.477728367E0,-8.661801815E-1,1.713403902E0
1.906065564E1,-7.856540680E-1,-1.359459639E0,-7.938516140E-1,1.759426955E0
1.906565564E1,-1.143868923E0,-1.112698793E0,-9.019191265E-1,1.833028322E0
1.907065564E1,-1.359477043E0,-8.766393661E-1,-1.131690025E0,1.974182545E0
1.907565564E1,-1.592998981E0,-7.751587629E-1,-1.353780985E0,2.229627731E0
1.908065564E1,-1.603424072E0,-7.638956308E-1,-1.457547903E0,2.297596827E0
1.908565564E1,-1.267898560E0,-8.202235103E-1,-1.635993481E0,2.226389012E0
1.909065564E1,-9.086389542E-1,-8.746494651E-1,-1.946040154E0,2.318988727E0
1.909565564E1,-6.434893608E-1,-9.777792096E-1,-2.226576328E0,2.515506487E0
1.910065564E1,-2.561421394E-1,-1.022868872E0,-1.901861191E0,2.174613877E0
1.910565564E1,1.840896606E-1,-1.011437654E0,-1.073290348E0,1.486219130E0
1.911065564E1,2.101244926E-1,-1.098239660E0,-3.215689659E-1,1.163481523E0
1.911565564E1,1.346664429E-1,-1.180363536E0,1.961417198E-1,1.204103277E0
1.912065564E1,7.646083832E-2,-1.211012959E0,3.391728401E-1,1.259935262E0
1.912565564E1,1.390619278E-1,-1.254231215E0,1.390638351E-1,1.269556186E0
1.913065564E1,1.117753983E-1,-1.472904444E0,-3.798866272E-1,1.525206573E0
1.913565564E1,2.834362984E-1,-1.572840095E0,-1.264977932E0,2.038217669E0
1.914065564E1,6.175675392E-1,-1.643559813E0,-2.489430904E0,3.046300175E0
1.914565564E1,1.725200176E0,-2.007055044E0,-1.441662788E0,3.013797802E0
1.915065564E1,2.481056213E0,-2.832200050E0,8.355903625E-1,3.856839161E0
1.915565564E1,1.845042944E0,-2.922781706E0,-1.952447891E0,3.969746734E0
1.916065564E1,2.822268724E0,-3.142327785E0,-3.505949020E0,5.489180558E0
1.916565564E1,3.657075882E0,-3.199885130E0,-3.244721413E0,5.843088729E0
1.917065564E1,2.523207903E0,-2.781735420E0,-9.504766464E-1,3.874020641E0
1.917565564E1,1.847722530E-1,-2.302794695E0,1.235849380E0,2.619986237E0
1.918065564E1,-1.357428670E0,-2.180489063E0,4.862314224E0,5.499022164E0
1.918565564E1,-2.298585415E0,-2.423878193E0,5.138268471E0,6.128660807E0
1.919065564E1,-2.104642391E0,-2.461137056E0,2.531416893E0,4.110326835E0
1.919565564E1,-1.023337364E0,-2.862908602E0,1.657517433E0,3.462777652E0
1.920065564E1,-1.355057955E-1,-3.098706245E0,1.455409050E0,3.426157865E0
1.920565564E1,5.547637939E-1,-3.241753340E0,1.935411453E0,3.816090287E0
1.921065564E1,1.383651257E0,-3.161586046E0,2.271674156E0,4.131660756E0
1.921565564E1,2.316989422E0,-3.134912014E0,2.599943161E0,4.685703550E0
1.922065564E1,2.758006811E0,-2.994482517E0,2.835745811E0,4.961348750E0
1.922565564E1,2.726930618E0,-2.763050318E0,2.712842941E0,4.736044180E0
1.923065564E1,2.509404898E0,-2.472024202E0,2.339729309E0,4.228752752E0
1.923565564E1,2.309633970E0,-2.163177013E0,1.775196075E0,3.628369465E0
1.924065564E1,2.143773317E0,-1.922810197E0,1.240049362E0,3.135392401E0
1.924565564E1,1.954617500E0,-1.756315947E0,8.447256088E-1,2.760205904E0
1.925065564E1,1.659819126E0,-1.693248272E0,4.537687302E-1,2.414124127E0
1.925565564E1,1.366772771E0,-1.731522322E0,-4.067420959E-3,2.205958726E0
1.926065564E1,1.226495743E0,-1.953452826E0,-4.872360229E-1,2.357470825E0
1.926565564E1,1.109752655E0,-2.231901646E0,-1.107933998E0,2.727719497E0
1.927065564E1,9.767646790E-1,-2.486019373E0,-1.713591099E0,3.173445448E0
1.927565564E1,8.748899698E-1,-2.687109232E0,-2.220487595E0,3.593960718E0
1.928065564E1,9.243182540E-1,-2.742043495E0,-2.689145088E0,3.950274430E0
1.928565564E1,1.157003999E0,-2.668830395E0,-2.793268681E0,4.032823310E0
1.929065564E1,1.536951065E0,-2.501422882E0,-2.792102814E0,4.051564282E0
1.929565564E1,2.022975445E0,-2.374346733E0,-2.893014908E0,4.254349224E0
1.930065564E1,2.904259443E0,-2.110553741E0,-4.028213501E0,5.395893255E0
1.930565564E1,4.028645515E0,-1.521872044E0,-5.122014046E0,6.691868729E0
1.931065564E1,4.636477947E0,-1.053321362E0,-5.099521637E0,6.972197256E0
1.931565564E1,4.569804192E0,-9.620894790E-1,-4.251644611E0,6.315473729E0
1.932065564E1,3.994860888E0,-1.160022259E0,-2.695699692E0,4.956950875E0
1.932565564E1,3.400298595E0,-1.350576639E0,-1.067090034E0,3.811137486E0
1.933065564E1,3.217956543E0,-1.392531514E0,-4.119348526E-1,3.530450205E0
1.933565564E1,2.944702148E0,-1.340298533E0,6.376323700E-1,3.297612157E0
1.934065564E1,2.669806004E0,-1.376475096E0,1.877796173E0,3.542409668E0
1.934565564E1,2.720497131E0,-1.233145356E0,1.390149117E0,3.294581412E0
1.935065564E1,2.651116133E0,-1.106834650E0,7.196664810E-1,2.961658241E0
1.935565564E1,2.796372175E0,-9.493895173E-1,-1.910781860E-2,2.953202145E0
1.936065564E1,3.340857983E0,-4.851968288E-1,-1.985988617E-1,3.381743564E0
1.936565564E1,3.761228323E0,-2.215898037E-2,1.776315689E0,4.159642646E0
1.937065564E1,3.850669622E0,-2.586956024E-1,1.318719864E0,4.078431320E0
1.937565564E1,3.627489090E0,-6.338821650E-1,-1.085742950E0,3.839182394E0
1.938065564E1,3.294927120E0,-9.147651196E-1,-1.544925690E0,3.752350642E0
1.938565564E1,3.181715250E0,-1.120632291E0,1.878848076E0,3.861243162E0
1.939065564E1,4.155868053E0,-1.579300523E0,6.715979576E0,8.054179728E0
1.939565564E1,4.939890385E0,-1.421540976E0,6.663608551E0,8.415876346E0
1.940065564E1,2.794070482E0,4.663277864E-1,1.748750687E0,3.329026949E0
1.940565564E1,1.329363704E0,2.570176601E0,-3.427190304E0,4.485381700E0
1.941065564E1,3.659069538E-3,3.877778053E0,6.702491760E0,7.743421196E0
1.941565564E1,-1.846703887E-1,4.126226902E0,2.616799545E1,2.649195798E1
1.942065564E1,1.164142251E0,3.828916073E0,3.469297791E1,3.492303740E1
1.942565564E1,1.019236088E0,2.712212324E0,2.188765335E1,2.207859387E1
1.943065564E1,-6.717184782E-1,1.208512306E0,7.930124283E0,8.049756447E0
1.943565564E1,-2.447734356E0,-3.382220864E-2,-1.435021400E0,2.837575345E0
1.944065564E1,-2.809144974E0,-7.055773735E-1,-7.151364803E0,7.715643425E0
1.944565564E1,-2.142047405E0,-8.321601152E-1,-1.078641605E1,1.102849168E1
1.945065564E1,-1.295715332E0,-6.849201918E-1,-1.294433689E1,1.302704308E1
1.945565564E1,-6.194674373E-1,-4.655915201E-1,-1.291201210E1,1.293524533E1
1.946065564E1,-3.282917440E-1,-3.731160760E-1,-1.110142422E1,1.111254295E1
1.946565564E1,-3.031551838E-3,-3.298811018E-1,-1.068532562E1,1.069041694E1
1.947065564E1,3.966423273E-1,-2.644946575E-1,-1.088953114E1,1.089996197E1
1.947565564E1,9.161267281E-1,-2.752270103E-1,-1.253490639E1,1.257135300E1
1.948065564E1,9.377828836E-1,-4.164433479E-2,-1.102459431E1,1.106448601E1
1.948565564E1,-3.988684118E-1,1.041123986E0,1.697135925E0,2.030592405E0
1.949065564E1,-1.923222780E0,2.338855267E0,1.983295441E1,2.006277923E1
1.949565564E1,-8.709696531E-1,3.437641382E0,2.887030792E1,2.908729355E1
1.950065564E1,3.457585335E0,2.417419195E0,3.023962021E1,3.053249813E1
1.950565564E1,2.938166142E0,-1.801339090E-1,1.101467705E1,1.140124462E1
1.951065564E1,-4.283970594E-2,-7.386471629E-1,-5.470989704E0,5.520793712E0
1.951565564E1,-1.070807695E0,-4.124281108E-1,-8.812943459E0,8.887333597E0
1.952065564E1,-1.437388062E0,-6.772580147E-1,-8.661350250E0,8.805892971E0
1.952565564E1,-1.536635637E0,-1.040605068E0,-8.304645538E0,8.509479744E0
1.953065564E1,-8.708783388E-1,-1.399670959E0,-7.110672474E0,7.299258243E0
1.953565564E1,7.449712157E-1,-1.641257882E0,-5.467366695E0,5.756805375E0
1.954065564E1,-3.250357509E-2,-6.896136999E-1,-1.476383209E0,1.629825426E0
1.954565564E1,-2.015552044E0,6.845219433E-2,1.970922470E0,2.819870764E0
1.955065564E1,-1.905712843E0,-7.410801947E-3,3.563322067E0,4.040923226E0
1.955565564E1,-1.297770262E0,-4.988011718E-2,4.325833321E0,4.516583841E0
1.956065564E1,-7.479053736E-1,-2.561353147E-1,4.606005669E0,4.673355964E0
1.956565564E1,-5.176008940E-1,-5.709230304E-1,3.926323891E0,4.001235195E0
1.957065564E1,-7.810891867E-1,-8.610685468E-1,1.864772797E0,2.197479680E0
1.957565564E1,-1.010097742E0,-1.016265869E0,6.779956818E-2,1.434465248E0
1.958065564E1,-8.880507946E-1,-1.099480391E0,-6.083850861E-1,1.538708470E0
1.958565564E1,-4.952388406E-1,-1.069195151E0,-2.747945786E-1,1.209938776E0
1.959065564E1,-1.190356761E-1,-9.581699371E-1,4.169235229E-1,1.051705446E0
1.959565564E1,2.341789305E-1,-8.852156401E-1,8.224697113E-1,1.230813929E0
1.960065564E1,3.448328972E-1,-7.683566809E-1,6.206407547E-1,1.046172387E0
1.960565564E1,-2.300375849E-1,-4.010128081E-1,-3.031969070E-1,5.528624849E-1
1.961065564E1,-1.016641736E0,-6.555449963E-2,-1.856175900E0,2.117367890E0
1.961565564E1,-1.353760958E0,6.562903523E-3,-3.413376808E0,3.672036633E0
1.962065564E1,-1.078225613E0,8.866867423E-2,-4.130337715E0,4.269674724E0
1.962565564E1,-1.988930851E-1,3.512170911E-1,-3.136794090E0,3.162655383E0
1.963065564E1,1.322119355E0,6.753399372E-1,-1.135778427E-1,1.488953843E0
1.963565564E1,2.746156216E0,8.243669868E-1,3.753436089E0,4.723265540E0
1.964065564E1,3.283118010E0,7.477849722E-1,6.057250977E0,6.930247876E0
1.964565564E1,2.870880842E0,5.362048149E-1,5.269869804E0,6.025031134E0
1.965065564E1,1.791103840E0,3.593500257E-1,1.903756142E0,2.638460319E0
1.965565564E1,8.687976599E-1,3.152902722E-1,-1.575497627E0,1.826584272E0
1.966065564E1,4.347463548E-1,3.501278162E-1,-3.568612099E0,3.612005840E0
1.966565564E1,4.006942809E-1,4.708059728E-1,-3.803931713E0,3.853843620E0
1.967065564E1,6.354219913E-1,6.555330157E-1,-2.685188770E0,2.836145866E0
1.967565564E1,8.894816041E-1,8.957247734E-1,-9.036607742E-1,1.552450704E0
1.968065564E1,1.008481264E0,1.067451239E0,6.845464706E-1,1.620213096E0
1.968565564E1,1.089893222E0,9.856307507E-1,1.551643372E0,2.137038222E0
1.969065564E1,1.054679990E0,4.366588593E-1,1.731966972E0,2.074302397E0
1.969565564E1,1.793723702E-1,-3.670547605E-1,1.431643486E0,1.488793712E0
1.970065564E1,-2.716329098E-1,-3.652062416E-1,9.282054901E-1,1.033791792E0
1.970565564E1,9.004801512E-3,-2.014679164E-1,3.313531876E-1,3.878986242E-1
1.971065564E1,1.009494066E-2,-2.431333959E-1,-2.112464905E-1,3.222434418E-1
1.971565564E1,-1.159114391E-1,-1.914197505E-1,-4.590024948E-1,5.106469160E-1
1.972065564E1,-1.173306108E-1,3.640484810E-2,-4.074335098E-1,4.255512309E-1
1.972565564E1,-2.411816120E-1,1.220275611E-1,-1.917819977E-1,3.314206244E-1
1.973065564E1,-2.873321474E-1,1.805618554E-1,-4.394054413E-2,3.421887169E-1
1.973565564E1,-2.407073081E-1,2.142866850E-1,-1.438055038E-1,3.529005730E-1
1.974065564E1,-9.472662210E-2,1.444786936E-1,-2.980642319E-1,3.445134426E-1
1.974565564E1,1.603338122E-2,8.430066705E-2,-1.900672913E-1,2.085407562E-1
1.975065564E1,-1.156809926E-2,-4.846184701E-2,2.368135452E-1,2.419979891E-1
1.975565564E1,2.133589983E-2,-1.187974438E-1,7.686624527E-1,7.780809852E-1
1.976065564E1,-9.715512395E-2,-1.429719627E-1,9.739360809E-1,9.891570098E-1
1.976565564E1,-1.107437611E-1,-1.763396710E-1,6.231155396E-1,6.569876984E-1
1.977065564E1,-6.370270252E-2,-1.133636162E-1,-5.739307404E-2,1.421383436E-1
1.977565564E1,-7.920473814E-2,-3.993967921E-2,-5.848951340E-1,5.915833722E-1
1.978065564E1,-9.640778601E-2,2.648442984E-3,-6.940660477E-1,7.007347244E-1
1.978565564E1,-1.398428082E-1,7.383111119E-2,-3.794679642E-1,4.110997201E-1
1.979065564E1,-1.266458929E-1,1.146370620E-1,9.694862366E-2,1.964176005E-1
1.979565564E1,-1.414596140E-1,9.373754263E-2,4.533767700E-1,4.840950784E-1
1.980065564E1,-8.677230775E-2,5.814000964E-2,5.539846420E-1,5.637452241E-1
1.980565564E1,-4.588750005E-2,-3.604441881E-4,4.532661438E-1,4.555831315E-1
1.981065564E1,-5.304327607E-2,-6.495731324E-2,1.981000900E-1,2.151201696E-1
1.981565564E1,-6.879398227E-2,-1.056691557E-1,-6.046009064E-2,1.398356358E-1
1.982065564E1,-7.976114750E-2,-1.012896821E-1,-2.086944580E-1,2.453055587E-1
1.982565564E1,-9.561717510E-2,-8.525159955E-2,-2.236270905E-1,2.577199158E-1
1.983065564E1,-1.291881949E-1,-6.383919716E-2,-5.412769318E-2,1.539312832E-1
1.983565564E1,-1.537768245E-1,-5.789965391E-3,1.567687988E-1,2.196754236E-1
1.984065564E1,-1.456055343E-1,3.373533487E-2,2.865829468E-1,3.232163824E-1
1.984565564E1,-1.263753474E-1,4.997393489E-2,2.557916641E-1,2.896506482E-1
1.985065564E1,-8.832438290E-2,7.521969080E-2,1.375722885E-1,1.799592539E-1
1.985565564E1,-4.866158962E-2,6.733466685E-2,3.762340546E-2,9.119993587E-2
1.986065564E1,-4.436767101E-2,5.021885037E-3,-1.748180389E-2,4.795125679E-2
1.986565564E1,-7.511106133E-2,-1.296155155E-2,-1.635551453E-3,7.623875905E-2
1.987065564E1,-7.630634308E-2,-4.870003462E-2,3.823947906E-2,9.826804732E-2
1.987565564E1,-1.203494221E-1,-6.789795309E-2,5.759620667E-2,1.497045038E-1
1.988065564E1,-6.782776117E-2,-5.813549459E-2,9.904193878E-2,1.333778338E-1
1.988565564E1,-1.409458965E-1,-7.394865155E-2,1.254882812E-1,2.026856126E-1
1.989065564E1,-7.882648706E-2,-5.509904027E-2,1.729230881E-1,1.978684252E-1
1.989565564E1,-4.763514102E-1,-2.241311967E-2,3.465328217E-1,5.894896185E-1
1.990065564E1,-1.078420877E-2,3.285937011E-2,3.655796051E-1,3.672117714E-1
1.990565564E1,1.502455175E-1,7.638634741E-2,-2.125968933E-1,2.713043100E-1
1.991065564E1,-1.709187031E-2,-2.158507705E-2,-5.117158890E-1,5.124560455E-1
1.991565564E1,5.487483740E-2,4.723310471E-3,-2.158565521E-1,2.227725489E-1
1.992065564E1,-4.667515159E-1,-2.042289078E-2,4.883403778E-1,6.758331130E-1
1.992565564E1,-4.834845662E-2,-8.215763420E-2,7.695608139E-1,7.754426455E-1
1.993065564E1,1.867954135E-1,-6.412695348E-2,-6.587982178E-3,1.976061593E-1
1.993565564E1,-1.477262229E-1,-9.031983465E-2,-3.886766434E-1,4.254999913E-1
1.994065564E1,-1.129633933E-1,-6.182342768E-2,-4.696559906E-2,1.370716307E-1
1.994565564E1,-1.034389257E0,2.032935619E-3,9.888134003E-1,1.430984699E0
1.995065564E1,-4.040790796E-1,1.136378944E-1,6.782865524E-1,7.976629118E-1
1.995565564E1,-1.594278216E-1,3.825913370E-2,-6.189508438E-1,6.402976954E-1
1.996065564E1,-7.520940900E-2,4.021097720E-2,-8.716239929E-1,8.757863683E-1
1.996565564E1,-2.326918244E-1,5.261303484E-2,3.386783600E-2,2.409577700E-1
1.997065564E1,-1.649761200E-1,8.017301559E-3,4.848890305E-1,5.122487376E-1
1.997565564E1,7.742208242E-2,-5.735805631E-2,3.526220322E-1,3.655494810E-1
1.998065564E1,2.938725054E-1,-9.484355152E-2,3.974628448E-2,3.113456533E-1
1.998565564E1,5.091289878E-1,-1.251918972E-1,-1.122226715E-1,5.361709292E-1
1.999065564E1,6.796221733E-1,-8.429725468E-2,-2.580184937E-1,7.318236595E-1
1.999565564E1,7.901638746E-3,-7.965770364E-2,-9.777832031E-2,1.263660776E-1
2.000065564E1,-4.746281505E-1,-8.577576280E-2,4.569044113E-1,6.643726392E-1
2.000565564E1,-1.902540624E-1,-6.055742502E-2,5.086164474E-1,5.464014098E-1
2.001065564E1,-1.801006794E-1,-6.507531554E-2,-1.949863434E-1,2.732960401E-1
2.001565564E1,2.277700901E-1,1.819183528E-1,-7.529973984E-1,8.074519076E-1
2.002065564E1,2.847393155E-1,1.094696373E-1,2.456569672E-1,3.916725990E-1
2.002565564E1,-1.417561471E-1,-2.203500867E-1,1.088561058E0,1.119649116E0
2.003065564E1,-3.667759299E-1,-1.023128927E-1,6.571588516E-1,7.595065945E-1
2.003565564E1,-9.234267473E-2,1.552881002E-1,-2.442693710E-1,3.038241091E-1
2.004065564E1,6.318297982E-2,1.082468182E-1,-6.105165482E-1,6.232494831E-1
2.004565564E1,-2.130338550E-2,-1.301048845E-1,-3.531332016E-1,3.769405434E-1
2.005065564E1,-3.619441390E-2,-1.874121577E-1,8.723258972E-3,1.910744559E-1
2.005565564E1,-6.316569448E-2,-1.241434813E-1,9.536266327E-2,1.688062393E-1
2.006065564E1,-4.334262013E-2,-6.825262308E-2,7.776737213E-2,1.121818499E-1
2.006565564E1,2.569854259E-2,-8.644087613E-2,1.631994247E-1,1.864577496E-1
2.007065564E1,7.510903478E-2,-8.205255121E-2,2.566051483E-1,2.796787271E-1
2.007565564E1,8.244317770E-2,-7.996369153E-2,2.901992798E-1,3.121004510E-1
2.008065564E1,3.918173909E-2,-7.439254224E-2,2.079973221E-1,2.243487130E-1
2.008565564E1,1.848545671E-2,-7.525725663E-2,6.614589691E-2,1.018854576E-1
2.009065564E1,-2.556762099E-2,-6.599053741E-2,-6.422996521E-2,9.557166265E-2
2.009565564E1,-2.536189556E-2,-7.861764729E-2,-8.886051178E-2,1.213266284E-1
2.010065564E1,-1.397526264E-2,-1.009431705E-1,-1.970100403E-2,1.037928764E-1
2.010565564E1,9.072005749E-3,-1.291569024E-1,6.599330902E-2,1.453235135E-1
2.011065564E1,3.247934580E-2,-1.372984648E-1,1.237230301E-1,1.876517106E-1
2.011565564E1,6.564524770E-2,-1.372854114E-1,1.228275299E-1,1.955586480E-1
2.012065564E1,7.039466500E-2,-1.485915184E-1,1.491489410E-1,2.219915647E-1
2.012565564E1,2.702224255E-2,-9.538923204E-2,1.679315567E-1,1.950136275E-1
2.013065564E1,3.290665150E-2,-6.410846114E-2,1.606950760E-1,1.761126059E-1
2.013565564E1,2.852812409E-2,-6.452587247E-2,5.319881439E-2,8.836037537E-2
2.014065564E1,-5.067026615E-2,-3.586623818E-2,3.077507019E-2,6.928901686E-2
2.014565564E1,-1.709558368E-1,-9.725093842E-4,3.086948395E-2,1.737232539E-1
2.015065564E1,-3.032929897E-1,3.749752045E-2,4.062557220E-2,3.082906725E-1
2.015565564E1,-4.175912142E-1,7.901486009E-2,3.479862213E-2,4.264231635E-1
2.016065564E1,-4.591910243E-1,1.164731234E-1,2.515316010E-2,4.743996909E-1
2.016565564E1,-4.356010258E-1,1.612942517E-1,3.511047363E-2,4.658291905E-1
2.017065564E1,-4.008695185E-1,1.688892543E-1,5.836677551E-2,4.388925057E-1
2.017565564E1,-3.115937114E-1,1.642820239E-1,9.224700928E-2,3.641273611E-1
2.018065564E1,-2.412500381E-1,1.597182602E-1,1.266956329E-1,3.158532681E-1
2.018565564E1,-1.944675297E-1,1.463917047E-1,1.479873657E-1,2.848656029E-1
2.019065564E1,-1.503423750E-1,1.034300327E-1,1.609077454E-1,2.432938633E-1
2.019565564E1,-1.399049312E-1,5.445492268E-2,1.390962601E-1,2.046619113E-1
2.020065564E1,-1.290324628E-1,2.783951163E-2,1.287527084E-1,1.843954305E-1
2.020565564E1,-1.129035950E-1,-7.581293583E-3,8.746147156E-2,1.430182044E-1
2.021065564E1,-8.198657632E-2,3.507286310E-4,9.450817108E-2,1.251148117E-1
2.021565564E1,-7.448339462E-2,-2.302437276E-2,8.690834045E-2,1.167516914E-1
2.022065564E1,-5.636210740E-2,-4.463038594E-2,9.437465668E-2,1.186386713E-1
2.022565564E1,-4.622936249E-2,-4.590433091E-2,7.459640503E-2,9.904032106E-2
2.023065564E1,-4.193034768E-2,-4.564084858E-2,6.963157654E-2,9.321908370E-2
2.023565564E1,-4.202738404E-2,-4.764236510E-2,5.673980713E-2,8.517923265E-2
2.024065564E1,-3.379324079E-2,-4.376820475E-2,4.340267181E-2,7.029531130E-2
2.024565564E1,-5.247458816E-2,-4.211211950E-2,1.205921173E-2,6.835523095E-2
2.025065564E1,-5.828094482E-2,-1.320319623E-2,2.210521698E-2,6.371525357E-2
2.025565564E1,-5.908301473E-2,-1.670092344E-2,5.608463287E-2,8.315773877E-2
2.026065564E1,-5.435165763E-2,-2.894967794E-3,7.647323608E-2,9.386500606E-2
2.026565564E1,-5.563172698E-2,-9.757593274E-3,1.082611084E-1,1.221088337E-1
2.027065564E1,-5.382186174E-2,-1.474998891E-3,1.272296906E-1,1.381534024E-1
2.027565564E1,-3.337219357E-2,-1.673413068E-2,1.168489456E-1,1.226678871E-1
2.028065564E1,-5.190585554E-2,-1.486404985E-2,8.576488495E-2,1.013448238E-1
2.028565564E1,-4.823611677E-2,-2.874928713E-2,8.854389191E-2,1.048487733E-1
2.029065564E1,-2.859312296E-2,-4.191663116E-2,6.526660919E-2,8.266983080E-2
2.029565564E1,-3.479719162E-4,-5.651531368E-2,5.856513977E-3,5.681901549E-2
2.030065564E1,8.825659752E-3,-5.612110347E-2,8.398056030E-3,5.742819751E-2
2.030565564E1,4.566887021E-2,-7.351949811E-2,5.634498596E-2,1.032740033E-1
2.031065564E1,5.330097675E-2,-8.576734364E-2,7.951450348E-2,1.285285479E-1
2.031565564E1,5.076470971E-2,-7.957732677E-2,7.764148712E-2,1.222203224E-1
2.032065564E1,5.395525694E-2,-6.389727443E-2,6.569004059E-2,1.063447830E-1
2.032565564E1,5.288308859E-2,-6.972813606E-2,2.684020996E-2,9.153704653E-2
2.033065564E1,5.012583733E-2,-7.534171641E-2,2.330589294E-2,9.344591187E-2
2.033565564E1,1.018726826E-2,-7.529741526E-2,2.393913269E-2,7.966532026E-2
2.034065564E1,-3.964534402E-2,-7.386917621E-2,-2.188110352E-2,8.664404877E-2
2.034565564E1,-6.822896004E-2,-7.398900390E-2,-1.547145844E-2,1.018279417E-1
2.035065564E1,-5.389350653E-2,-6.082575768E-2,2.972888947E-2,8.653374898E-2
2.035565564E1,-9.800732136E-3,-5.777235329E-2,3.978443146E-2,7.082725564E-2
2.036065564E1,5.008369684E-3,-5.687679350E-2,2.823638916E-2,6.369730826E-2
2.036565564E1,7.131350040E-2,-7.891270518E-2,-8.352279663E-3,1.066892260E-1
2.037065564E1,1.239862144E-1,-1.018734053E-1,-2.585601807E-2,1.625401665E-1
2.037565564E1,9.174826741E-2,-1.014603898E-1,-7.319450378E-3,1.369873338E-1
2.038065564E1,2.026867867E-2,-1.066791043E-1,7.020187378E-2,1.293041133E-1
2.038565564E1,-5.388483405E-2,-9.346015751E-2,1.193485260E-1,1.608802258E-1
2.039065564E1,-1.726152152E-1,-5.223538354E-2,9.273147583E-2,2.027897296E-1
2.039565564E1,-2.294413894E-1,-8.610926569E-3,8.339691162E-2,2.442796433E-1
2.040065564E1,-2.083259076E-1,-9.970426559E-3,6.401157379E-2,2.181663924E-1
2.040565564E1,-1.572895646E-1,9.041719139E-3,5.127334595E-2,1.656825755E-1
2.041065564E1,-1.357705742E-1,1.838283241E-2,6.466007233E-2,1.515008327E-1
2.041565564E1,-1.287780702E-1,2.248107642E-2,8.965396881E-2,1.585150601E-1
2.042065564E1,-1.329779774E-1,3.200855851E-2,8.531570435E-2,1.612031628E-1
2.042565564E1,-1.096110046E-1,4.091151059E-2,8.022594452E-2,1.418609397E-1
2.043065564E1,-7.255898416E-2,3.443420678E-2,5.700111389E-2,9.848678979E-2
2.043565564E1,-8.164548874E-2,2.334789187E-2,5.050086975E-2,9.880003913E-2
2.044065564E1,-9.198455513E-2,1.366771013E-2,8.407592773E-2,1.253663683E-1
2.044565564E1,-8.771760762E-2,2.849290520E-2,9.115695953E-2,1.296758096E-1
2.045065564E1,-5.716112256E-2,2.532365918E-2,5.782127380E-2,8.515856593E-2
2.045565564E1,-5.424427986E-2,1.755787432E-2,3.464508057E-2,6.671583362E-2
2.046065564E1,-3.558504581E-2,-4.060961306E-3,2.209186554E-2,4.208131908E-2
2.046565564E1,-4.665316641E-2,-2.361498773E-2,2.748680115E-2,5.907376591E-2
2.047065564E1,-4.306118190E-2,-9.459182620E-3,3.722953796E-2,5.770424612E-2
2.047565564E1,-6.260141730E-3,-1.688968390E-2,-7.937431335E-3,1.968384142E-2
2.048065564E1,2.559709549E-2,-3.695300967E-2,-4.894065857E-2,6.645242119E-2
2.048565564E1,3.463453054E-2,-5.477844179E-2,-3.901357651E-1,3.954821659E-1
2.049065564E1,-1.862960905E-1,8.470193297E-2,-1.836849213E0,1.848214187E0
2.049565564E1,-3.493211269E-1,2.983372509E-1,-4.850273132E-1,6.680433067E-1
2.050065564E1,-4.622021616E-1,3.548951745E-1,7.848167419E-1,9.775063895E-1
2.050565564E1,-3.932293355E-1,3.091571331E-1,9.950847626E-1,1.113732970E0
2.051065564E1,-1.659813225E-1,2.260931730E-1,9.349241257E-1,9.760896696E-1
2.051565564E1,-1.958233118E-2,1.090727523E-1,8.683948517E-1,8.754370060E-1
2.052065564E1,1.560741663E-2,-1.430282742E-2,8.669958115E-1,8.672542300E-1
2.052565564E1,-5.383527279E-2,-9.286701679E-2,8.133096695E-1,8.203628087E-1
2.053065564E1,-2.593457699E-2,-7.698948681E-2,7.853927612E-1,7.895832906E-1
2.053565564E1,2.592411637E-1,-1.724934578E-1,7.912158966E-1,8.502838167E-1
2.054065564E1,2.245505452E-1,-1.769812256E-1,2.854480743E-1,4.040122581E-1
2.054565564E1,1.072018445E-1,-1.006840467E-1,-1.016328812E0,1.026914683E0
2.055065564E1,5.356083810E-2,-3.287511319E-2,-1.403644562E0,1.405050744E0
2.055565564E1,-1.706278026E-1,6.801079214E-2,-1.010940552E0,1.027492148E0
2.056065564E1,-3.734985590E-1,1.466388702E-1,-5.840530396E-1,7.086057330E-1
2.056565564E1,-3.048827350E-1,1.761461347E-1,-1.487512589E-1,3.822406047E-1
